Inactive,Street
Yes,0.007 W/O CHERRY
Yes,0.010 S/O SSR 180 (CUL-DE-SAC)
Yes,0.010 W/O HUGHES
Yes,0.016 S/O CALIFORNIA
Yes,0.019 N/O IOWA
Yes,0.020 E/O BUSH (C.L.)
Yes,0.020 N/O FOUNTAIN WAY (C.L.)
Yes,0.020 N/O PALO ALTO (C.L.)
Yes,0.020 N/O PRINCETON (C.L.)
Yes,0.020 S/O BARSTOW (C.L.)
Yes,0.020 S/O CALIMYRNA (C.L.)
Yes,0.020 W/O FERGER (C.L.)
Yes,0.020 W/O GRANTLAND
Yes,0.020 W/O VILLA (FRESNO C.L.)
Yes,0.021 N/O TURNER
Yes,0.022 S/O C-399
Yes,0.023 S/O HARVEY
Yes,0.023 W/O NEWMARK (SANGER C.L.)
Yes,0.025 S/O ASHLAN (C.L.)
Yes,0.025 S/O CALIFORNIA
Yes,0.028 E/O ELM
Yes,0.028 S/O SHAW
Yes,0.028 S/O TOWNSEND
Yes,0.029 N/O WELDON (C.L.)
Yes,0.029 S/O SHIELDS (C.L.)
Yes,0.03 N/O KADOTA
Yes,0.030 E/O DOCKERY (SELMA C.L.)
Yes,0.030 E/O ELEVENTH (C.L.)
Yes,0.030 E/O RIO VISTA (CUL-DE-SAC)
Yes,0.030 E/O SAFFORD (C.L.)
Yes,0.030 E/O SUNNYSIDE (CLOVIS C.L.)
Yes,0.030 N/O C-400
Yes,0.030 N/O PALO ALTO (C.L.)
Yes,0.030 N/O ROBERTS (C.L.)
Yes,0.030 N/O TURNER
Yes,0.030 S/O ADAMS (OR. COVE C.L.)
Yes,0.030 S/O HARVEY
Yes,0.030 S/O PARLIER
Yes,0.030 S/O PAUL (C.L.)
Yes,0.030 S/O PONTIAC (C.L.)
Yes,0.030 S/O SWIFT (C.L.)
Yes,0.030 S/O TWAIN (C.L.)
Yes,0.030 S/O WASHINGTON
Yes,0.030 SE/O OF HEARTWOOD
Yes,0.030 W/O CHANNING (C.L.)
Yes,0.030 W/O DEE ANN (C.L.)
Yes,0.030 W/O DEL MAR (C.L.)
Yes,0.030 W/O EDDY (CLOVIS C.L.)
Yes,0.030 W/O FERGER (C.L.)
Yes,0.030 W/O NORRIS DR. (C.L.)
Yes,0.030 W/O SUNNYSIDE (C.L.)
Yes,0.030 W/O VAGEDES (C.L.)
Yes,0.030 W/O WILSON (C.L.)
Yes,0.031 N/O ESCALON (C.L.)
Yes,0.033 S/O LANSING
Yes,0.037 N/O TURNER
Yes,0.038 W/O VAN NESS (C.L.)
Yes,0.04 E/O PHILLIP
Yes,0.04 E/O SUNNYSIDE (CLOVIS C.L.)
Yes,0.04 E/O ZEDIKER ALIGN(CUL-DE-SAC)
Yes,0.040 E/O ELM
Yes,0.040 E/O SAFFORD (C.L.)
Yes,0.040 E/O SSR 41
Yes,0.040 N/O SHAW
Yes,0.040 NW/O BONANZA
Yes,0.040 S/O BLAINE (C.L.)
Yes,0.040 S/O BLAINE(C.L.)
Yes,0.040 S/O GETTYSBURG (C.L.)
Yes,0.040 S/O KEATS (C.L.)
Yes,0.040 S/O PARKWAY DRIVE
Yes,0.040 S/O VARTIKIAN (C.L.)
Yes,0.040 W/O BLYTHE
Yes,0.040 W/O BRIARWOOD (C.L.)
Yes,0.040 W/O ROWELL (C.L.)
Yes,0.042 E/O MINNEWAWA (FRESNO C.L.)
Yes,0.047 E/O ELM
Yes,0.047 S/O NORTH
Yes,0.048 S/O C-401
Yes,0.050  W/O GOLDEN STATE (KINGS. C.L
Yes,0.050 E/O CEDAR (C.L.)
Yes,0.050 E/O HARRISON (C.L.)
Yes,0.050 E/O PULLMAN (C.L.)
Yes,0.050 E/O WALLING (C.L.)
Yes,0.050 N/O SSR 180 (CUL-DE-SAC)
Yes,0.050 S/O COLUMBIA DR (C.L.)
Yes,0.050 S/O WASHINGTON (C.L.)
Yes,0.050 W/O BUTTE
Yes,0.051 E/O BRAWLEY
Yes,0.051 W/O CHERRY
Yes,0.052 S/O WAWONA
Yes,0.054 E/O LEWIS LN (SANGER C.L.)
Yes,0.056 N/O SSR 180
Yes,0.057 N/O DINUBA
Yes,0.057 N/O MENLO
Yes,0.057 N/O PARLIER
Yes,0.057 N/O TURNER
Yes,0.058 N/O TURNER
Yes,0.059 N/O CONEJO
Yes,0.059 S/O LOST LAKE
Yes,0.06 W/O POLK
Yes,0.060 E/O GLENN (C.L.)
Yes,0.060 E/O MINNEWAWA
Yes,0.060 N/O ASHLAN
Yes,0.060 N/O MONTECITO (C.L.)
Yes,0.060 N/O SHIELDS (C.L.)
Yes,0.060 N/O SIERRA
Yes,0.060 N/O TULARE
Yes,0.060 N/O TYLER (C.L.)
Yes,0.060 N/O TYLER (FRESNO C.L.)
Yes,0.060 S/O MC KENZIE (C.L.)
Yes,0.060 S/O MONTECITO (C.L.)
Yes,0.060 S/O MORTON
Yes,0.060 S/O NEBRASKA
Yes,0.060 S/O SWIFT (C.L.)
Yes,0.060 SE/O JAMES RD
Yes,0.060 W/O VALENTINE
Yes,0.061 N/O CELESTE
Yes,0.061 W/O BRAWLEY
Yes,0.062 E/O ELM
Yes,0.062 W/O SONORA (C.L.)
Yes,0.063 N/O KAMM
Yes,0.063 W/O CHERRY
Yes,0.064  E/O WARD
Yes,0.064 W/O WESTERN
Yes,0.066 E/O PULLMAN
Yes,0.067 S/O MESA (C.L.)
Yes,0.068 S/O SHIELDS
Yes,0.068 W/O BETHEL
Yes,0.069 E/O ELM
Yes,0.069 W/O GRANTLAND
Yes,0.070 E/O HULBERT (C.L.)
Yes,0.070 N/O PALO ALTO (C.L.)
Yes,0.070 N/O PARK CIRCLE (C.L.)
Yes,0.070 S/O HARVARD (C.L.)
Yes,0.070 S/O KEATS (C.L.)
Yes,0.070 S/O LINCOLN
Yes,0.070 S/O PAUL (C.L.)
Yes,0.070 W/O CHERRY
Yes,0.070 W/O PULLMAN (C.L.)
Yes,0.071 E/O ACADEMY (C.L.)
Yes,0.072 W/O WYATT
Yes,0.075 E/O ELM
Yes,0.075 S/O BIRCH (C.L.)
Yes,0.078 W/O CHERRY
Yes,0.08 E/O WALLING (C.L.)
Yes,0.080 E/O GLENN (C.L.)
Yes,0.080 E/O WILLOW
Yes,0.080 N/O LONE OAK(CUL-DE-SAC)
Yes,0.080 N/O PAUL (C.L.)
Yes,0.080 S/O ASHLAN (C.L.)
Yes,0.080 S/O SAN RAMON (C.L.)
Yes,0.080 S/O WILLOW (FRESNO C.L.)
Yes,0.080 W/O WILSON (C.L.)
Yes,0.081 W/O YOLO
Yes,0.083 E/O SSR 41
Yes,0.087 W/O SSR 41
Yes,0.090 E/O BAGLEY
Yes,0.090 E/O WALLING (FRESNO C.L.)
Yes,0.090 N/O BELMONT
Yes,0.090 N/O MALAGA (C.L.)
Yes,0.090 N/O PIEDRA
Yes,0.090 SE/O DE WOODY
Yes,0.090 W/O DE WITT (C.L.)
Yes,0.095 N/O MC KINLEY
Yes,0.095 N/O PALO ALTO (C.L.)
Yes,0.095 S/O MC KINLEY
Yes,0.097 N/O CHURCH
Yes,0.100 E/O HARRISON (C.L.)
Yes,0.100 N/O FAIRMONT (C.L.)
Yes,0.100 N/O SANTA ANA (C.L.)
Yes,0.100 N/O SHAW (C.L.)
Yes,0.100 NW/O SSR 180
Yes,0.100 S/O AMERICAN
Yes,0.100 S/O DINUBA
Yes,0.100 S/O MAGNOLIA
Yes,0.100 S/O MUSCAT
Yes,0.100 W/O MARKS
Yes,0.100 W/O SYCAMORE
Yes,0.102 W/O HEATON (C.L.)
Yes,0.102 W/O VILLA
Yes,0.103 S/O JENSEN
Yes,0.11 W/O ELKHORN GRADE
Yes,0.110 E/O FOWLER
Yes,0.110 E/O MINNEWAWA (C.L.)
Yes,0.110 E/O SQUAW VALLEY RD
Yes,0.110 N/O CLINTON
Yes,0.110 N/O DAKOTA (C.L.)
Yes,0.110 N/O HARVEY
Yes,0.110 W/O BRAWLEY
Yes,0.114 S/O SHIELDS (C.L.)
Yes,0.114 W/O MONROE
Yes,0.115 W/O SANTA FE GRADE
Yes,0.116 N/O BULLARD
Yes,0.120 E/O KAVANAGH (C.L.)
Yes,0.120 E/O MACDONOUGH
Yes,0.120 E/O WILSON
Yes,0.120 N/O SHAW (C.L.)
Yes,0.120 S/O PARLIER (REEDLEY C.L.)
Yes,0.120 W/O CORNELIA
Yes,0.120 W/O HARVARD/ROWELL
Yes,0.124 E/O WALNUT (KNIGHT)
Yes,0.125 E/O LOCAN
Yes,0.125 E/O PEACH
Yes,0.125 E/O PHILLIP
Yes,0.125 E/O VALENTINE
Yes,0.125 N/O CALIFORNIA
Yes,0.125 N/O CHURCH
Yes,0.125 N/O MC KINLEY
Yes,0.125 S/O CARUTHERS
Yes,0.125 S/O CLAYTON
Yes,0.125 S/O CLINTON
Yes,0.125 S/O MANNING
Yes,0.125 S/O MUSCAT
Yes,0.125 W/O FOWLER
Yes,0.125 W/O MARKS
Yes,0.125 W/O WEST
Yes,0.126 N/O CLINTON
Yes,0.126 S/O MANNING
Yes,0.126 W/O MC CALL
Yes,0.127 E/O BAILEY
Yes,0.127 E/O ELM
Yes,0.127 E/O FOWLER
Yes,0.128 E/O FOWLER
Yes,0.128 S/O HERNDON
Yes,0.129 N/O SSR 180
Yes,0.13 E/O PEACH
Yes,0.130 E/O ACADEMY
Yes,0.130 E/O PEACH
Yes,0.130 N/O CALIFORNIA (C.L)
Yes,0.130 N/O DAKOTA (C.L.)
Yes,0.130 N/O MC KINLEY
Yes,0.130 N/O MC KINLEY (C.L.)
Yes,0.130 N/O NEES
Yes,0.130 N/O SANTA ANA (C.L.)
Yes,0.130 S/O FRANKLIN (FRESNO C.L.)
Yes,0.130 S/O PLATT (C.L.)
Yes,0.133 E/O SUNNYSIDE
Yes,0.133 W/O MINNEWAWA (FRESNO C.L.)
Yes,0.135 E/O MC CALL
Yes,0.136 N/W SAN DIEGO
Yes,0.138 W/O ACADEMY (KNGSBURG C.L.)
Yes,0.140 N/O WHITESBRIDGE
Yes,0.140 S/O COLEMAN
Yes,0.141 W/O SSR 145
Yes,0.142 N/O IOWA
Yes,0.144 S/O CALIFORNIA
Yes,0.146 S/O CO LINE (TULARE)
Yes,0.147 E/O CHESTNUT ALIGN
Yes,0.150 E/O DEL MAR (C.L.)
Yes,0.150 S/O ADAMS
Yes,0.150 S/O JENSEN
Yes,0.150 S/O STROUD (KINGSBURG C.L.)
Yes,0.150 W/O LEONARD
Yes,0.150 W/O MARKS
Yes,0.152 N/O MT WHITNEY
Yes,0.152 W/O ARMSTRONG
Yes,0.152 W/O TEMPERANCE
Yes,0.155 S/O CHICO
Yes,0.160 E/O ACADEMY
Yes,0.160 E/O BAGLEY
Yes,0.160 N/O BELMONT
Yes,0.160 W/O BOND (C.L.)
Yes,0.165 E/O FOWLER
Yes,0.167 W/O CLOVIS
Yes,0.170 N/O COLE
Yes,0.170 S/O DAKOTA (CLOVIS
Yes,0.170 S/O DAKOTA (CLOVIS C.L.)
Yes,0.177 E/O ELM
Yes,0.178 E/O CO LINE (TULARE)
Yes,0.180 E/O FRANKWOOD
Yes,0.180 E/O LOCAN
Yes,0.180 S/O BROWNING (C.L.)
Yes,0.180 S/O CLARKSON
Yes,0.180 S/O HARVEY (C.L.)
Yes,0.180 W/O SAFFORD (C.L.)
Yes,0.180 W/O SAN MATEO
Yes,0.183 W/O HAYES
Yes,0.183 W/O I-5
Yes,0.184 N/O BARSTOW
Yes,0.184 N/O NEES
Yes,0.186 W/O VALENTINE
Yes,0.187 E/O CHESTNUT
Yes,0.188 N/O DAKOTA
Yes,0.189 E/O I-5
Yes,0.190 S/O COLEMAN
Yes,0.190 W/O DELNO (C.L.)
Yes,0.190 W/O HELM (C.L.)
Yes,0.192 S/O SOUTH (REEDLEY C.L.)
Yes,0.192 W/O MADSEN (C.L.)
Yes,0.192 W/O TUOLUMNE
Yes,0.196 E/O DOCKERY ALIGN
Yes,0.200 E/O BETHEL
Yes,0.200 E/O FOWLER
Yes,0.200 S/O CENTRAL
Yes,0.200 S/O NORTH (FRESNO U.L.)
Yes,0.200 SE/O MARIN
Yes,0.200 SW/O ADAMS
Yes,0.200 W/O CONTRA COSTA
Yes,0.210 N/O FLORADORA
Yes,0.210 S/O MISTLETOE RD
Yes,0.210 W/O ELM
Yes,0.210 W/O FRUIT
Yes,0.210 W/O VALENTINE
Yes,0.213 E/O SHAFT (SELMA C.L.)
Yes,0.220 E/O FOWLER
Yes,0.220 E/O SMITH
Yes,0.220 E/O THORNE (C.L.)
Yes,0.220 N/O SAN JOSE (C.L.)
Yes,0.223 W/O SSR 145 (KERMAN C.L.)
Yes,0.224 N/O LEBANON
Yes,0.225 W/O KEARNEY
Yes,0.226 S/O CENTRAL
Yes,0.226 S/O NORTH (FRESNO U.L.)
Yes,0.227 S/O ELKHORN (SSR 41
Yes,0.230 E/O CHESTNUT (C.L.)
Yes,0.230 N/O NEES
Yes,0.230 NE/O FRANKWOOD
Yes,0.230 W/O I-5
Yes,0.230 W/O WALNUT
Yes,0.238 W/O ORANGE (C.L.)
Yes,0.240 E/O BETHEL
Yes,0.240 MI. E/O BETHEL
Yes,0.240 S/O SSR 180
Yes,0.240 SW/O MOUNTAIN VIEW
Yes,0.242 N/O FLORAL
Yes,0.243 MI. E/O MENDOCINO
Yes,0.244 S/O SSR 180
Yes,0.245 S/O TULARE (C.L.)
Yes,0.246 E/O HAYES
Yes,0.246 N/O CARUTHERS
Yes,0.247 E/O OLIVER (CUL-DE-SAC)
Yes,0.247 N/O CHURCH
Yes,0.247 N/O CHURCH (C.L.)
Yes,0.247 N/O SHIELDS
Yes,0.247 S/O PARLIER (CYPRES)
Yes,0.248 E/O ACADEMY
Yes,0.248 N/O NEES
Yes,0.248 W/O ZUMWALT
Yes,0.249 E/O FRANKWOOD
Yes,0.249 E/O MC CALL
Yes,0.249 E/O SUNNYSIDE
Yes,0.249 N/O SUMNER (OR. COVE C.L.)
Yes,0.249 S/O JENSEN
Yes,0.249 S/O MANNING (REEDLEY C.L.)
Yes,0.249 S/O NORTH
Yes,0.249 S/O SUMNER (REEDLEY C.L.)
Yes,0.249 W/O CORNELIA
Yes,0.249 W/O FOWLER
Yes,0.250 E/O  INDIANOLA
Yes,0.250 E/O ALTA
Yes,0.250 E/O ANCHOR
Yes,0.250 E/O CEDAR
Yes,0.250 E/O DE WOLF
Yes,0.250 E/O FOWLER
Yes,0.250 E/O PEACH
Yes,0.250 E/O TEMPERANCE
Yes,0.250 E/O WILLOW
Yes,0.250 N/O CANAL
Yes,0.250 N/O CHURCH
Yes,0.250 N/O DAKOTA
Yes,0.250 N/O MC KINLEY
Yes,0.250 N/O MC KINLEY (C.L.)
Yes,0.250 N/O NEES
Yes,0.250 N/O NIELSEN (FRESNO C.L.)
Yes,0.250 N/O SHAW
Yes,0.250 N/O SHIELDS
Yes,0.250 S/O CLINTON (C.L.)
Yes,0.250 S/O CONEJO
Yes,0.250 S/O HUNTSMAN
Yes,0.250 S/O JAYNE
Yes,0.250 S/O KEARNEY
Yes,0.250 S/O MALAGA (FRESNO
Yes,0.250 S/O MALAGA (FRESNO C.L.)
Yes,0.250 S/O MANNING
Yes,0.250 S/O NORTH
Yes,0.250 S/O SOUTH  (FOURTH ST.)
Yes,0.250 S/O WOODS
Yes,0.250 SW/O I-5
Yes,0.250 W/O GRANTLAND
Yes,0.250 W/O HOWARD
Yes,0.250 W/O HUMBOLDT
Yes,0.250 W/O LASSEN
Yes,0.250 W/O MAPLE (C.L.)
Yes,0.250 W/O SYCAMORE
Yes,0.250 W/O TEMPERANCE
Yes,0.250 W/O TEMPERANCE (C.L.)
Yes,0.250 W/O WEST
Yes,0.251 E/0 CLOVIS
Yes,0.251 N/O CLINTON
Yes,0.251 N/O SSR 180
Yes,0.251 W/O GRANTLAND
Yes,0.251 W/O PARKWAY DRIVE
Yes,0.252 N/O INTERNATIONAL
Yes,0.252 S/O CHURCH
Yes,0.252 S/O WAWONA
Yes,0.252 W/O SISKIYOU
Yes,0.253 E/O HAYES
Yes,0.254 W/O VALENTINE
Yes,0.255 E/O TEMPERANCE
Yes,0.255 W/O TEMPERANCE
Yes,0.256 E/O TEMPERANCE
Yes,0.256 N/O SHIELDS
Yes,0.259 E/O LOCAN
Yes,0.260 S/O I-5 R/W
Yes,0.260 W/O MARKS
Yes,0.260 W/O MODOC
Yes,0.261 S/O C-401
Yes,0.262 S/O DINUBA
Yes,0.262 S/O NEES
Yes,0.264 W/O PEACH
Yes,0.266 N/O SHAW
Yes,0.270 S/O ADAMS
Yes,0.277 W/O TAHOE
Yes,0.280 N/O DE WOLF (FOWLER C.L.)
Yes,0.280 N/O SSR 180
Yes,0.281 W/O CLYDE FANNON RD (C.L.)
Yes,0.290 S/O BUTLER
Yes,0.294 W/O SSR 198
Yes,0.295 E/O ZUMWALT (TRAVERS CREEK)
Yes,0.300 E/O ACADEMY
Yes,0.300 NE/O AUBERRY MISSION RD
Yes,0.300 S/O LINCOLN
Yes,0.300 S/O MUSCAT
Yes,0.300 S/O NORTH (FRESNO U.L.)
Yes,0.303 W/O ALTA
Yes,0.305 N/O SHAW
Yes,0.309 E /O BETHEL
Yes,0.310 S/O CALIFORNIA
Yes,0.310 S/O WOODS (SANGER U.L.)
Yes,0.310 W/O VALENTINE
Yes,0.311 E/O CHESTNUT
Yes,0.311 S/O CARUTHERS
Yes,0.312 E/O VALENTINE (C.L.)
Yes,0.320 E/O ACADEMY
Yes,0.320 E/O WILSON (C.L.)
Yes,0.320 N/O SSR 180
Yes,0.320 SW/O SSR 63
Yes,0.321 S/O CLAYTON (FOWLER C.L.)
Yes,0.322 E/O CHESTNUT
Yes,0.322 W/O ACADEMY
Yes,0.323  E/O DE WOLF
Yes,0.330 N/O SSR 180
Yes,0.330 S/O HARLAN
Yes,0.334 E/O FOWLER
Yes,0.335 N/O SHIELDS
Yes,0.340 N/O BEHYMER
Yes,0.340 S/O FLORAL (SELMA C.L.)
Yes,0.340 W/O ARMSTRONG
Yes,0.340 W/O FOWLER (C.L.)
Yes,0.341 W/O DEARING (C.L.)
Yes,0.346 S/O BUTLER(C.L.)
Yes,0.350 N/O SUMNER (OR. COVE C.L.)
Yes,0.350 S/O AMERICAN
Yes,0.350 S/O KRUGER
Yes,0.350 W/O ELM
Yes,0.351 S/O NORTH (FRESNO U.L.)
Yes,0.360 S/O MAGNOLIA
Yes,0.360 S/O PARLIER
Yes,0.360 W/O AMADOR
Yes,0.360 W/O BUTTE
Yes,0.364 N/O MOUNTAIN VIEW
Yes,0.364 W/O THOMPSON
Yes,0.365 N/O MC KINLEY (C.L.)
Yes,0.367 E/O MONSON
Yes,0.370 E/O FRANKWOOD
Yes,0.370 N/O SPRINGFIELD (C.L.)
Yes,0.370 N/O SSR 180
Yes,0.370 W/O ELM
Yes,0.371 S/O PARLIER (CYPRES)
Yes,0.375 N/O KAMM
Yes,0.375 W/O SSR 43
Yes,0.376 E/O CLOVIS (FOWLER C.L.)
Yes,0.376 E/O WALNUT (C.L.)
Yes,0.377 E/O HAYES (C.L.)
Yes,0.378 W/O MC CALL (SELMA C.L.)
Yes,0.379 E/O DOCKERY (CNTRY CLUB)
Yes,0.380 E/O TEMPERANCE (CUL-DE-SAC)
Yes,0.380 N/O MAPLE (C.L.)
Yes,0.380 S/O ADAMS
Yes,0.380 S/O ANNADALE (FRESNO C.L.)
Yes,0.380 S/O CERINI
Yes,0.380 S/O DINUBA (SELMA U.L.)
Yes,0.380 S/O MOUNTAIN VIEW
Yes,0.386 E/O COUNTY LINE (TULARE)
Yes,0.386 W/O CHATEAU FRESNO
Yes,0.390 E/O BUTTONWILLOW
Yes,0.390 N/O SHIELDS
Yes,0.396 E/O NEWMARK
Yes,0.397 W/O TEMPERANCE
Yes,0.400 E/O ACADEMY
Yes,0.400 E/O CO LINE (TULARE)
Yes,0.400 E/O TEMPERANCE
Yes,0.400 E/O ZEDIKER
Yes,0.400 N/O ALTHEA
Yes,0.400 N/O MALAGA (C.L.)
Yes,0.400 S/O CONEJO
Yes,0.400 S/O NORTH
Yes,0.400 SW/O SAND CREEK RD
Yes,0.400 W/O VINELAND
Yes,0.410 E/O PEACH
Yes,0.410 NE/O PRINCETON
Yes,0.410 S/O COLEMAN
Yes,0.413 E/O CHESTNUT (C.L.)
Yes,0.417 S/O SSR 180
Yes,0.420 S/O MUSCAT
Yes,0.429 W/O FRUIT
Yes,0.430 E/O CRAWFORD
Yes,0.430 E/O FRANKWOOD
Yes,0.430 E/O ORANGE (C.L.)
Yes,0.440 E/O VALENTINE (C.L.)
Yes,0.450 E/O CALIFORNIA
Yes,0.450 E/O CHERRY
Yes,0.450 E/O TEMPERANCE
Yes,0.454 W/O LAKE ALIGN
Yes,0.460 W/O FRUIT
Yes,0.460 W/O HUDSON
Yes,0.470 E/O LAC JAC
Yes,0.470 E/O RIVERBEND
Yes,0.470 S/O CHURCH
Yes,0.476 E/O DEL REY (C.L.)
Yes,0.480 N/O MANNING (PARLIER C.L.)
Yes,0.480 SW/O HENDERSON RD
Yes,0.487 W/O ENGLEHART
Yes,0.489 N/O ASHLAN
Yes,0.490 E/O CEDAR
Yes,0.490 N/O CHURCH
Yes,0.490 S/O NEBRASKA
Yes,0.493 S/O ADAMS
Yes,0.494 W/O BETHEL (END MAINT RD)
Yes,0.498 W/O CALAVERAS
Yes,0.499 S/O MANNING
Yes,0.499 W/O OIL CITY RD
Yes,0.500 E/O CHESTNUT
Yes,0.500 E/O DE WOLF (SELMA C.L.)
Yes,0.500 E/O FAIRFAX ALIGN
Yes,0.500 E/O MADSEN
Yes,0.500 E/O MC CALL
Yes,0.500 E/O RIVERBEND
Yes,0.500 N/O ADAMS
Yes,0.500 N/O ASHLAN
Yes,0.500 N/O ASHLAN ALIGN
Yes,0.500 N/O SHIELDS (FRESNO C.L.)
Yes,0.500 S/O ADAMS
Yes,0.500 S/O CENTRAL
Yes,0.500 S/O CLARKSON
Yes,0.500 S/O LINCOLN (CLAYTON ALIGN.)
Yes,0.500 S/O MANNING
Yes,0.501 E/O MINNEWAWA
Yes,0.501 S/O CENTRAL
Yes,0.502 S/O CENTRAL
Yes,0.502 W/O WASHOE
Yes,0.503 E/O BETHEL (C.L.)
Yes,0.503 W/O MINNEWAWA
Yes,0.504 S/O SSR 180
Yes,0.505 S/O CLINTON
Yes,0.506 S/O LINCOLN
Yes,0.514 S/O HARLAN
Yes,0.514 S/O MANNING (REEDLEY C.L.)
Yes,0.520 N/O ASHLAN
Yes,0.520 W/O MINNEWAWA
Yes,0.521 E/O CHESTNUT
Yes,0.528 W/O ACADEMY (KNGSBURG C.L.)
Yes,0.530 E/O MC CALL
Yes,0.530 E/O WILLOW
Yes,0.540  S/O GOODFELLOW
Yes,0.559 W/O FOWLER(FRESNO C.L.)
Yes,0.56 E/O GLENN
Yes,0.560 N/O SHIELDS
Yes,0.570 S/O ANNADALE
Yes,0.570 S/O CENTRAL
Yes,0.578 N/O SHIELDS(GOULD CANAL)
Yes,0.578 W/O SAN MATEO
Yes,0.589 N/O OLD FRIANT RD
Yes,0.590 E/O NEWMARK
Yes,0.600 E/O BETHEL
Yes,0.600 N/O CENTRAL (SANGER C.L.)
Yes,0.600 NE/O SSR 168
Yes,0.600 NW/O RECTOR (PRIVATE)
Yes,0.600 S/O CLARKSON
Yes,0.600 S/O HARLAN
Yes,0.600 S/O NF BOUNDRY
Yes,0.607 W/O END MAINT RD
Yes,0.610 E/O SQUAW VALLEY RD
Yes,0.610 N/O CARMELLIA
Yes,0.610 NE/O OLD HUNTINGTON
Yes,0.616 N/O FRIANT RD
Yes,0.617 NE/O PRINCETON
Yes,0.624 W/O QUALITY
Yes,0.625 E/O DE WOLF (SELMA C.L.)
Yes,0.625 S/O LINCOLN (FOWLER C.L.)
Yes,0.630 N/O CHURCH
Yes,0.630 S/O DINUBA (SELMA C.L.)
Yes,0.630 S/O HARLAN
Yes,0.640 E/O YUBA
Yes,0.643 W/O WASHOE
Yes,0.650 S/O MOUNTAIN VIEW
Yes,0.650 SE/O BURROUGH VALLEY
Yes,0.660 S/O JENSEN
Yes,0.674 W/O CORNELIA
Yes,0.676  W/O JAMESON
Yes,0.680 E/O CAMDEN
Yes,0.690 E/O LEONARD
Yes,0.694 W/O HOWARD
Yes,0.70 N/O TURNER
Yes,0.700 N/O CHURCH (FRESNO C.L.)
Yes,0.700 N/O MILLERTON RD
Yes,0.700 NW/O NEES
Yes,0.700 S/O MT WHITNEY
Yes,0.700 SW/O ELKHORN
Yes,0.700 W/O CHATEAU FRESNO
Yes,0.710 E/O CHANNEL
Yes,0.720 S/O CLARKSON
Yes,0.733 W/O RIO VISTA (CUL-DE-SAC)
Yes,0.738 N/O BULLARD
Yes,0.740 W/O HOWARD ALIGN
Yes,0.75 S/O HARLAN
Yes,0.750 E/O CHESTNUT
Yes,0.750 N/O SSR 180
Yes,0.750 S/O CLARKSON
Yes,0.750 S/O HARLAN
Yes,0.750 S/O JENSEN
Yes,0.750 S/O MANNING
Yes,0.750 W/O HOWARD ALIGN
Yes,0.750 W/O SSR 269
Yes,0.770 E/O OHIO (MENDOTA U.L.)
Yes,0.778 E/O MADERA
Yes,0.780 NE/O SSR 168
Yes,0.780 S/O HARLAN
Yes,0.780 W/O NAPA
Yes,0.783 E/O DE WOLF (SELMA C.L.)
Yes,0.790 E/O CHESTNUT
Yes,0.800 N/O MANNING
Yes,0.800 SW/O SSR 33-198
Yes,0.812 S/O LINCOLN (CLAYTON ALIGN.)
Yes,0.813 S/O LINCOLN (FOWLER C.L.)
Yes,0.823 N/O SSR 168
Yes,0.833 E/O CHESTNUT ALIGN
Yes,0.850 W/O ELM
Yes,0.850 W/O FRESNO SLOUGH (C-554)
Yes,0.850 W/O FRESNO SLOUGH(C-554)
Yes,0.851 W/O JERROLD
Yes,0.860 N/O SSR 180
Yes,0.860 S/O CENTRAL
Yes,0.871 E/O HIGHLAND
Yes,0.880 S/O SOUTH
Yes,0.880 SW/O ANNADALE
Yes,0.880 W/O SAN MATEO
Yes,0.900 E/O OHIO (MENDOTA C.L.)
Yes,0.920 NE/O WILDERNESS DR
Yes,0.929 S/O JEFFERSON
Yes,0.930 SE/O DUNLAP RD
Yes,0.940 E/O ENNIS
Yes,0.940 N/O WISH I AH
Yes,0.950 N/O WILLOW
Yes,0.950 W/O CORNELIA (SOUTH)
Yes,0.950 W/O EL DORADO
Yes,0.961 N/O SSR 168
Yes,0.980 W/O SONOMA
Yes,1.00 W/O OHIO (SAN BERNARDINO ALIGN
Yes,1.000 N/O BELMONT
Yes,1.000 N/O SSR 180
Yes,1.000 NE/O FRIANT-KERN CANAL
Yes,1.000 S/O ZAPATO CHINO CREEK (C-427
Yes,1.000 SE/O SSR 180
Yes,1.000 SE/O WIEMILLER
Yes,1.000 SW/O SSR 33-198
Yes,1.000 W/O CALAVERAS
Yes,1.000 W/O GRANTLAND
Yes,1.000 W/O JAMESON
Yes,1.000 W/O OHIO ALIGN
Yes,1.000 W/O OHIO(SAN BERNARDINO ALIGN
Yes,1.020 S/O JAYNE
Yes,1.020 S/O RUTH HILL ROAD
Yes,1.027 W/O EL DORADO
Yes,1.040 W/O CALIF AQUEDUCT
Yes,1.050 N/E PWR HOUSE NO 1
Yes,1.050 N/O TOLL HOUSE RD
Yes,1.060 N/O MERRILL
Yes,1.060 SW/O I-5
Yes,1.062 NW/O TRIMMER SPRINGS
Yes,1.079 S/O SSR 245
Yes,1.090 NE/O GOULD CANAL
Yes,1.100 N/O WELLBARN
Yes,1.100 NE/O SSR 168
Yes,1.100 S/O SSR 145
Yes,1.120 E/O ENNIS
Yes,1.120 S/O ELKHORN
Yes,1.120 W/O SSR 269
Yes,1.128 N/O SAND CREEK RD
Yes,1.15  N/O COPPER (SILAXO)
Yes,1.150 NE/O WATTS VALLEY RD
Yes,1.160 W/O PLUMAS
Yes,1.220 SW/O I-5
Yes,1.230 E/O LEONARD
Yes,1.240 N/O VALERIA
Yes,1.250 N/O DRY CREEK (C-238)
Yes,1.250 S/O BIG NUTMEG CREEK
Yes,1.260 W/O JAMESON
Yes,1.270 SE/O JOSE BASIN RD
Yes,1.281 N/O BULLARD
Yes,1.289 W/O GLENN (CHINO CREEK)
Yes,1.290 N/O NEES
Yes,1.326 E/O RIVERBEND
Yes,1.340 W/O HOWARD ALIGN
Yes,1.350 W/O ELM
Yes,1.370 S/O ANNADALE
Yes,1.379 W/O LASSEN ALIGN
Yes,1.386 E/O HOPE WELL RD (PIPE)
Yes,1.390 NE/O SUNNY SLOPE RD
Yes,1.400 E/O FRIANT-KERN CANAL
Yes,1.400 E/O SUNDEW RD
Yes,1.400 NE/O SSR 168
Yes,1.400 S/O ELKHORN
Yes,1.410 SE/O WIEMILLER
Yes,1.416 N/O SSR 168
Yes,1.430 SE/O ROSE
Yes,1.440 E/O ENNIS
Yes,1.450 E/O CAMDEN
Yes,1.450 E/O SANS BAKER RD
Yes,1.460 W/O POLK
Yes,1.489 N/O SSR 168
Yes,1.5 MI W/O SSR 33
Yes,1.500 NW/O TRIMMER SPRINGS
Yes,1.500 S/O JAYNE
Yes,1.500 S/W OF FAIRFAX
Yes,1.510 SW/O SSR 63
Yes,1.520 W/O HOWARD ALIGN
Yes,1.530 NE/O OLD HUNTINGTON
Yes,1.55 SW/O DICKENSON
Yes,1.550 S/O SSR 245
Yes,1.550 SW/O DICKENSON
Yes,"1.552 N/E DRY CREEK (10"" CULVT)"
Yes,1.560 S/O CALIF AQUEDUCT
Yes,1.570 SE/O DERRICK
Yes,1.577 NE/O GOULD CANAL
Yes,1.590 NE/O GOULD CANAL
Yes,1.600 N/O JOSE BASIN RD
Yes,1.610 E/O SPARROW RD
Yes,1.610 W/O HOWARD ALIGN
Yes,1.630 W/O AMADOR
Yes,1.640 E/O SSR 168
Yes,1.640 NE/O SSR 168
Yes,1.700 N/O SSR 180
Yes,1.700 NE/O PITTMAN HILL RD
Yes,1.750 E/O DUNLAP RD
Yes,1.750 N/O SSR 168
Yes,1.750 SE/O DERRICK
Yes,1.770 NE/O SYCAMORE CAMP ENTR.
Yes,1.790 N/O CALIFORNIA ALIGN
Yes,1.790 S/O RUTH HILL ROAD
Yes,1.800 SW/O DUNLAP RD
Yes,1.830 W/O SHIELDS
Yes,1.840 W/O HOWARD ALIGN
Yes,1.850 E/O CRIPE RD
Yes,1.850 N/O WILLOW
Yes,1.860 S/O MILLWOOD RD
Yes,1.864 NE/O MILLERTON RD
Yes,1.900 SE/O SAN BENITO
Yes,1.910 E/O GRAND VIEW
Yes,1.930 E/O CHESTNUT
Yes,1.970 NE/O MAXON ROAD
Yes,1.970 NW/O BONANZA
Yes,1.995 N/O COPPER (C-262)
Yes,10.000 NE/O SSR 168
Yes,11.430 W/O DERRICK
Yes,11.830 NE/O SSR 168
Yes,12.470 NE/O SSR 168
Yes,13.180 W/O DERRICK
Yes,15.140 W/O DERRICK
Yes,17.230 W/O DERRICK
Yes,18.320 W/O DERRICK
Yes,18.900 W/O DERRICK
Yes,19.230 W/O DERRICK
Yes,2.000 E/O BROOKSIDE
Yes,2.000 N/O JENSEN ALIGN
Yes,2.000 S/O CALIF AQUEDUCT
Yes,2.000 S/O PALMER
Yes,2.000 S/O SSR 198
Yes,2.000 W/O ORMSBY
Yes,2.000 W/O SAN MATEO
Yes,2.010 W/O STINSON CANAL
Yes,2.060 N/O MILLERTON RD
Yes,2.100 N/O SSR 168
Yes,2.140 W/O DERRICK
Yes,2.250 NE/O FRIANT-KERN CANAL
Yes,2.250 NW/O RECTOR (PRIVATE)
Yes,2.250 SE/O SSR 180
Yes,2.260 S/O CALIF AQUEDUCT
Yes,2.280 N/O NEES
Yes,2.32 NE/O PRINCETON
Yes,2.320 NE/O PRINCETON
Yes,2.324 N/O COPPER
Yes,2.370 NE/O AUBERRY MISSION RD
Yes,2.370 NW/O BONANZA
Yes,2.440 NE/O SSR 168
Yes,2.440 NE/O SUNNY SLOPE RD
Yes,2.440 W/O SONOMA
Yes,2.470 NE/O MAXON ROAD
Yes,2.500 E/O FRIANT-KERN CANAL
Yes,2.500 SE/O DERRICK
Yes,2.500 SE/O JOSE BASIN RD
Yes,2.510 SE/O BURROUGH VALLEY
Yes,2.550 E/O BIG NUTMEG CREEK
Yes,2.550 NW/O BONANZA
Yes,2.550 W/O EL DORADO
Yes,2.560 S/O CALIF AQUEDUCT
Yes,2.590 E/O SQUAW VALLEY RD
Yes,2.626 SE/O DUNLAP RD
Yes,2.640 N/O WILLOW
Yes,2.652 NE/O DRY CREEK
Yes,2.710 NE/O SSR 168
Yes,2.750 NE/O PITTMAN HILL RD
Yes,2.83 E/O ENNIS
Yes,2.830 E/O ENNIS
Yes,2.870 NE/O AUBERRY MISSION RD
Yes,2.88 W/O HOWARD ALIGN
Yes,2.880 W/O HOWARD ALIGN
Yes,2.900 NE/O FRIANT-KERN CANAL
Yes,2.930 SW/O SSR 63
Yes,20.590 W/O DERRICK
Yes,3.000 S.O ZAPATO CHINO CREEK (C-427
Yes,3.000 S/EO SSR 180
Yes,3.000 SE/O SSR 180
Yes,3.000 W/O JAMESON
Yes,3.062 NW/O TRIMMER SPRINGS
Yes,3.070 W/O SONOMA
Yes,3.100 N/O MILLERTON RD
Yes,3.110 N/O TOLL HOUSE RD
Yes,3.140 E/O DUNLAP RD
Yes,3.250 N/O JOSE BASIN RD
Yes,3.270 N/O WISH I AH
Yes,3.290 E/O SPARROW RD
Yes,3.300 SE/O JOSE BASIN RD
Yes,3.300 SE/O SAN BENITO
Yes,3.360 NE/O GOULD CANAL
Yes,3.400 S/O SSR 198
Yes,3.480 W/O SHIELDS
Yes,3.600 S/O SSR 198
Yes,3.670 NW/O BONANZA
Yes,3.690 NE/O SUNNY SLOPE RD
Yes,3.770 SE/O SAN BENITO
Yes,3.780 E/O BIG NUTMEG CREEK
Yes,3.800 SE/O JOSE BASIN RD
Yes,3.810 NE/O SSR 168
Yes,3.870 N/O SSR 180
Yes,3.880 W/O DERRICK
Yes,4.030 NW/O BONANZA
Yes,4.080 S/O SSR 198
Yes,4.100 S/O JENSEN
Yes,4.140 SE/O DERRICK
Yes,4.150 N/O COPPER
Yes,4.170 S/O JENSEN
Yes,4.190 NW/O TRIMMER SPRINGS
Yes,4.300 N/O JOSE BASIN RD
Yes,4.320 NE/O AUBERRY MISSION RD
Yes,4.370 E/O ENNIS
Yes,4.420 NW/O TRIMMER SPRINGS
Yes,4.500 NE/O FRIANT-KERN CANAL
Yes,4.600 NE/O PITTMAN HILL RD
Yes,4.660 E/O SPARROW RD
Yes,4.669 N/O COPPER
Yes,4.700 NE/O PITTMAN HILL RD
Yes,4.860 E/O BIG NUTMEG CREEK
Yes,4.900 NE/O SSR 168
Yes,4.900 S/O SSR 198
Yes,4.950 NE/O SUNNY SLOPE RD
Yes,5.030 NE/O FRIANT-KERN CANAL
Yes,5.230 N/O SSR 180
Yes,5.290 W/O SHIELDS
Yes,5.300 SE/O JOSE BASIN RD
Yes,5.370 SE/O DERRICK
Yes,5.400 NE/O FRIANT-KERN CANAL
Yes,5.400 NE/O SSR 168
Yes,5.580 NE/O AUBERRY MISSION RD
Yes,5.620 W/O DERRICK
Yes,5.660 NE/O SSR 168
Yes,5.700 NE/O PITTMAN HILL RD
Yes,5.900 S/O SSR 198
Yes,6.310 NE/O SSR 168
Yes,6.340 NE/O SUNNY SLOPE RD
Yes,6.440 E/O SPARROW RD
Yes,6.460 NE/O PITTMAN HILL RD
Yes,6.500 W/O SHIELDS
Yes,6.600 S/O SSR 198
Yes,6.670 E/O BIG NUTMEG CREEK
Yes,6.880 W/O DERRICK
Yes,7.120 NE/O SSR 168
Yes,7.270 S/O DERRICK
Yes,7.270 SE/O DERRICK
Yes,7.480 NE/O SSR 168 (SNOW GATE)
Yes,7.600 S/O SSR 198
Yes,7.770 NE/O SUNNY SLOPE RD
Yes,7.990 E/O BIG NUTMEG CREEK
Yes,8.120 W/O DERRICK
Yes,8.280 W/O SHEILDS
Yes,8.360 S/O DERRICK
Yes,8.650 NE/O SSR 168
Yes,9.470 S/O DERRICK
Yes,9.700 W/O DERRICK
No,A
No,ACACIA
No,ACADEMY
No,ACADEMY & BELMONT
No,ACADEMY & MANNING
No,ACADEMY & MOUNTAIN VIEW
No,ACADEMY & MUSCAT
No,ACADEMY AVE
No,ACADEMY N/B
No,ACADEMY S/B
No,ADAIR
No,ADAMS
No,ADAMS ALIGN
No,ADAMS AVE
No,ADLER
No,ALAMOS
No,ALDER SPRINGS
No,ALHAMBRA
No,ALICANTE & WILLOW
No,ALLUVIAL
No,ALLUVIAL & CHESTNUT
No,ALLUVIAL & WILLOW
No,ALMOND (SELMA)
No,ALPINE
No,ALPINE (DIRT)
No,ALTA
No,ALTA & MANNING
No,ALTA AVE
No,ALTHEA
No,ALTHEA AVE
No,ALVA
No,ALVA SNOW
No,AMADOR
No,AMADOR (DIRT)
No,AMBER
No,AMERICAN
No,AMERICAN & CLOVIS
No,AMERICAN & GOLDEN STATE
No,AMERICAN (DIRT)
No,AMERICAN ALIGN
No,AMERICAN AVE
No,AMHERST
No,ANCHOR
No,ANCHOR AVE
No,ANDREWS
No,ANGUS
No,ANNA
No,ANNADALE
No,ANNADALE ALIGN
No,ANNADALE AVE
No,ANNAPOLIS
No,ANTHONY
No,APACHE
No,APPALOOSA
No,APPALOOSA (EAST)
No,APPALOOSA (WEST)
No,APPLEGATE
No,AQUA VISTA
No,ARCADE
No,ARCHIE
No,ARDEN DR N
No,ARDEN DR S
No,ARDEN DR W
No,ARDEN DR W & S
No,ARGYLE
No,ARMSTRONG
No,ARMSTRONG & JENSEN
No,ARMSTRONG & KINGS CANYON
No,ARMSTRONG & NEES
No,ARMSTRONG & OLIVE
No,ARMSTRONG (FRONTAGE)
No,ARMSTRONG (NORTH)
No,ARMSTRONG (SOUTH)
No,ARMSTRONG ALIGN
No,ARMSTRONG AVE
No,ARROYO
No,ARTHUR
No,ASH
No,ASHCROFT
No,ASHLAN
No,ASHLAN & BRYAN
No,ASHLAN & CLOVIS
No,ASHLAN & FRUIT
No,ASHLAN & GRANTLAND
No,ASHLAN & HAYES
No,ASHLAN & LEONARD
No,ASHLAN & MAROA
No,ASHLAN & MINNEWAWA
No,ASHLAN & PALM
No,ASHLAN & THORNE
No,ASHLAN (DIRT)
No,ASHLAN ALIGN
No,ASHLAN AVE
No,ASPEN
No,ATCHISON
No,AUBERRY
No,AUBERRY & COPPER
No,AUBERRY MISSION RD
No,AUBERRY RD
No,AUSTIN
No,AVENAL (KINGS CO)
No,AVENELL ST
No,AVILA
No,B
No,BACKER
No,BAGLEY
No,BAILEY
No,BALCH
No,BALD MOUNTAIN
No,BARRETT
No,BARRETT (DIRT)
No,BARSTOW
No,BARSTOW & FRUIT
No,BARSTOW & MARKS
No,BARSTOW & MAROA
No,BARSTOW & PALM
No,BARSTOW & WEST
No,BARSTOW ALIGN
No,BARSTOW AVE
No,BARTON
No,BARTON (NORTH)
No,BARTON (SOUTH)
No,BARTON SQUARE
No,BASS
No,BASS AVE
No,BEAR MTN RD
No,BEECHWOOD
No,BEHYMER
No,BEHYMER & WILLOW
No,BEHYMER AVE
No,BELGRAVIA
No,BELL AIRE
No,BELLAIRE
No,BELLOWS
No,BELMONT
No,BELMONT & CLOVIS
No,BELMONT & FOWLER
No,BELMONT & HELM
No,BELMONT & PEACH
No,BELMONT & SUNNYSIDE
No,BELMONT & TEMPERANCE
No,BELMONT & WILLOW
No,BELMONT AVE
No,BELMONT E/B
No,BELMONT W/B
No,BENEDICT
No,BERAN WY
No,BERGERON
No,BERNADINE DR
No,BETHEL
No,BETHEL & MANNING
No,BETHEL & MOUNTAIN VIEW
No,BETHEL & NORTH
No,BETHEL ALIGN
No,BETHEL AVE
No,BIG NUTMEG CREEK (C-480)
No,BIG OAK
No,BIG SANDY
No,BIOLA
No,BIOLA (NORTH)
No,BIOLA (SOUTH)
No,BIOLA ALIGN
No,BIOLA AVE
No,BIRCH
No,BIRKHEAD
No,BISCEGLIA
No,BISHOP
No,BISHOP (DIRT)
No,BISHOP ALIGN
No,BISHOP AVE
No,BLACK OAK
No,Blackhawk
No,BLACKSTONE & BULLARD
No,BLACKSTONE & GETTYSBURG
No,BLACKSTONE & SIERRA
No,BLAINE
No,BLANCHARD
No,BLANCHARD (DIRT)
No,BLISS
No,BLUE MEADOW
No,BLUEJAY RD
No,BLYTHE
No,BLYTHE & CLINTON
No,BLYTHE & SHIELDS
No,BLYTHE & WELDON
No,BLYTHE AVE
No,BOBOLINK
No,BODIE
No,BONANZA
No,BOND
No,BOONE LANE
No,BOUNDARY
No,BOUNDARY (KINGS CO. LINE)
No,BOWLES
No,BOYD
No,BRANDYWINE LN
No,BRANNON
No,BRANNON (DIRT)
No,BRANNON AVE
No,BRAWLEY
No,BRAWLEY & CLINTON
No,BRAWLEY & SHIELDS
No,BRAWLEY AVE
No,BREHLER
No,BREMER
No,BRENTWOOD
No,BRETZ
No,BRIARWOOD
No,BRIARWOOD (NORTH)
No,BRIARWOOD (SCOTT)
No,BRIARWOOD (SOUTH)
No,BRIDGE (C-477)
No,BRIGHTON CREST & MILLERTON
No,BROOKS
No,BROOKS CIRCLE
No,BROOKSIDE
No,BROOKSIDE (DIRT)
No,BROWN
No,BROWNING
No,BROWNING & FRUIT
No,BROWNING & PALM
No,BROWNING CUL-DE-SAC
No,BRYAN
No,BRYAN & GETTYSBURG
No,BRYAN ALIGN
No,BRYAN AVE
No,BRYANT
No,BRYN MAWR DR
No,BUCK WY
No,BUCKEYE
No,BUCKHORN
No,BUCKINGHAM
No,BUENA VISTA
No,BUGG
No,BULLARD
No,BULLARD & FORKNER
No,BULLARD & FRUIT
No,BULLARD & GRANTLAND
No,BULLARD & MARKS
No,BULLARD & MAROA
No,BULLARD & PALM
No,BULLARD & VAN NESS
No,BULLARD & WEST
No,BULLARD (DIRT)
No,BULLARD AVE
No,BUNDY DR
No,BUNGALOW LN
No,BUNKERHILL DR
No,BURGAN
No,BURNS
No,BURREL
No,BURREL (DIRT)
No,BURROUGH NORTH RD
No,BURROUGH VALLEY RD
No,BURROUGHS
No,BUSH
No,BUTLER
No,BUTLER & CLOVIS
No,BUTLER & TEMPERANCE
No,BUTLER AVE
No,BUTTE
No,BUTTE ALIGN
No,BUTTONWILLOW
No,BUTTONWILLOW & MANNING
No,BUTTONWILLOW AVE
No,BYRD
No,C
No,CADILLAC (PRIVATE)
No,CAESAR
No,CALAVERAS
No,CALAVERAS (DIRT)
No,CALAVERAS AVE
No,CALIF AQUEDUCT
No,CALIFORNIA
No,CALIFORNIA ALIGN
No,CALIFORNIA AVE
No,CALIFORNIA-LYON CONN
No,CALIMYRNA
No,CALKINS RD
No,CALVIN
No,CALWA
No,CALWA (C.L.)
No,CALWA SCHOOL & CEDAR
No,CAMBRIA
No,CAMBRIA (DIRT)
No,CAMBRIA ALIGN
No,CAMBRIDGE
No,CAMDEN
No,CAMDEN AVE
No,CAMP SIERRA
No,CAMP SIERRA ENTRANCE
No,CANAL
No,CANAL ROAD
No,CARDINAL (PRIVATE)
No,CARILLO
No,CARMEL
No,CARMELLIA
No,CARMEN
No,CARMEN (EAST)
No,CARMEN (WEST)
No,CARNEGIE
No,CARRILLO
No,CARRUTH
No,CARTWRIGHT
No,CARUTHERS
No,CARUTHERS AVENUE
No,CASCADE
No,CASTON
No,CASTRO
No,CEDAR
No,CEDAR & CHURCH
No,CEDAR & CLINTON
No,CEDAR & JENSEN BYPASS
No,CEDAR & McKINLEY
No,CEDAR & PRINCETON
No,CEDAR & SHIELDS
No,CEDAR (NORTH)
No,CEDAR (SOUTH)
No,CEDAR AVE
No,CELESTE
No,CENTER
No,CENTRAL
No,CENTRAL & CHESTNUT
No,CENTRAL & CLOVIS
No,CENTRAL & GOLDEN STATE
No,CENTRAL & ORANGE
No,CENTRAL ALIGN
No,CENTRAL AVE
No,CENTRAL FRONTAGE
No,CERINI
No,CERINI (DIRT)
No,CERINI ALIGN
No,CERINI AVE
No,CHAHLIP LANE
No,CHAMISE LANE
No,CHANCE
No,CHANNEL
No,CHANNING
No,CHANNING CIRCLE
No,CHAPARRAL
No,CHAPPO
No,CHARLES
No,CHARLES CUL-DE-SAC
No,CHATEAU FRESNO
No,CHATEAU FRESNO (C.L.)
No,CHATEAU FRESNO (DIRT
No,CHATEAU FRESNO ALIGN
No,CHATEAU FRESNO AVE
No,CHENNAULT
No,CHERRY
No,CHERRY & NORTH
No,CHERRY AVE
No,CHERYL
No,CHESTNUT
No,CHESTNUT & CLINTON
No,CHESTNUT & HERNDON
No,CHESTNUT & JENSEN
No,CHESTNUT & NORTH
No,CHESTNUT & SHIELDS
No,CHESTNUT (DIRT)
No,CHESTNUT (FRONT ST.)
No,CHESTNUT (FRONTAGE)
No,CHESTNUT ALIGN
No,CHESTNUT AVE
No,CHESTNUT N/B
No,CHESTNUT S/B
No,CHICKADEE LANE
No,CHICO
No,CHIPMUNK
No,CHUCKWAGON RD
No,CHURCH
No,CHURCH & ORANGE
No,CHURCH (DIRT)
No,CHURCH AVE
No,CIANCETTI
No,CIRCLE CT (EAST)
No,CIRCLE CT (WEST)
No,CIRCLE CT E
No,CIRCLE CT W
No,CIRCLE DR
No,CLARA
No,CLAREMONT
No,CLAREMONT AVE
No,CLARKSON
No,CLAY
No,CLAYTON
No,CLAYTON (DIRT)
No,CLAYTON ALIGN
No,CLAYTON AVE
No,CLEMENCEAU
No,CLINTON
No,CLINTON & FOWLER
No,CLINTON & MAPLE
No,CLINTON & MARKS
No,CLINTON & MILLBROOK
No,CLINTON & NINTH
No,CLINTON & SIERRA VISTA
No,CLINTON & TEMPERANCE
No,CLINTON & VALENTINE
No,CLINTON & WINERY
No,CLINTON AVE
No,CLOVIS
No,CLOVIS & DAKOTA
No,CLOVIS & GETTYSBURG/PICO
No,CLOVIS & GOLDEN STATE FRTG
No,CLOVIS & JENSEN
No,CLOVIS & KINGS CANYON
No,CLOVIS & NORTH
No,CLOVIS & OLIVE
No,CLOVIS & SHEPHERD
No,CLOVIS & SHIELDS/AIRWAYS
No,CLOVIS (FRONTAGE RD)
No,CLOVIS (NORTH)
No,CLOVIS (SOUTH)
No,CLOVIS AVE
No,CLOVIS C.L.
No,CLOVIS FRONTAGE RD
No,CLOVIS N/B
No,CLOVIS S/B
No,CLUB VIEW DR
No,CLYDE FANNON RD
No,CO LINE (KINGS)
No,CO LINE (MADERA)
No,CO LINE (MERCED)
No,CO LINE (MONTEREY)
No,CO LINE (SAN BENITO)
No,CO LINE (TULARE)
No,COALINGA C.L.
No,COALINGA MIN SP RD
No,COALINGA MINERAL SPRINGS RD
No,COALINGA U.L.
No,COALINGA-MENDOTA
No,COLD SPRINGS LN
No,COLE
No,COLEMAN
No,COLEMAN (DIRT)
No,COLLEGE
No,COLONIAL
No,COLONIAL (NORTH)
No,COLONIAL (SOUTH)
No,COLORADO AVE
No,COLORADO RD
No,COLUMBIA
No,COLUMBIA DR
No,COLUMBIA DR (EAST)
No,COLUMBIA DR (NORTH)
No,COLUMBIA DR (SOUTH)
No,COLUMBIA DR (SQUARE)
No,COLUSA
No,COLUSA ALIGN
No,COLWELL LANE (EAST)
No,COLWELL LANE (WEST)
No,COMMERCE
No,CONCORD
No,CONEJO
No,CONEJO ALIGN
No,CONN
No,CONSTELLATION
No,CONTRA COSTA
No,CONTRA COSTA (DIRT)
No,CONVERSE
No,COPPER
No,COPPER & WILLOW
No,CORDWOOD
No,CORLEW
No,CORNELIA
No,CORNELIA & DAKOTA
No,CORNELIA & SHIELDS
No,CORNELIA (C.L)
No,CORNELIA (NORTH)
No,CORNELIA (SOUTH)
No,CORNELIA AVE
No,CORNELL
No,CORTLAND
No,CORTLEY
No,COTTLE
No,COUNTRY CLUB LN
No,COUNTRYSIDE
No,COUNTRYSIDE (ROOT)
No,COUNTY LINE (KINGS)
No,COUNTY LINE (MERCED)
No,COUNTY LINE (TULARE)
No,COVE
No,COVE (NORTH)
No,COVE (SOUTH)
No,COVE AVE
No,COVENTRY
No,COYOTE TRAIL
No,CRAWFORD
No,CRAWFORD AVE
No,CREEKSIDE RD
No,CRESCENT
No,CRESCENT (N)
No,CRESCENT (S)
No,CRESCENT DITCH
No,CRESTWOOD
No,CRIPE RD
No,CROOKS
No,CRUMP LANE
No,CRYSTAL
No,CUL-DE-SAC
No,CULVERT - DUTCHMAN CANYON
No,CUMORAH
No,CURRAN
No,CUSTER
No,CUSTER AVE
No,D
No,DAGGETT
No,DAKOTA
No,DAKOTA & MAROA
No,DAKOTA & PALM
No,DAKOTA ALIGN
No,DAKOTA AVENUE
No,DALEVILLE
No,DALTON
No,DANIELS
No,DATE
No,DAVIDSON
No,DAVIDSON ALIGN
No,DAVIDSON AVE
No,DAVIS
No,DAVIS (DIRT)
No,DAVIS ALIGN
No,DAVIS AVE
No,DE WITT
No,DE WOLF
No,DE WOLF (DIRT)
No,DE WOLF (NORTH)
No,DE WOLF (SOUTH)
No,DE WOLF ALIGN
No,DE WOLF AVE
No,DE WOODY
No,DE WOODY AVE
No,DEARING
No,DEE ANN
No,DEL MAR
No,DEL NORTE
No,DEL NORTE AVE
No,DEL REY
No,DEL REY (NORTH)
No,DEL REY (SOUTH)
No,DEL REY ALIGN. (SELMA C.L.)
No,DEL REY AVE
No,DEL RIO
No,DELNO
No,DELTA MENDOTA CANAL (C-147)
No,DENNETT
No,DENNETT  ALIGN
No,DENNETT (EAST)
No,DENNETT (WEST)
No,DENNETT ALIGN.
No,DENNIS
No,DENVER
No,DERRICK
No,DERRICK (SSR 33)
No,DERRICK AVE
No,DEWEY
No,DEWEY (CITY)
No,DEWOLF
No,DEWOLF & HERNDON
No,DIANA
No,DICKENSON
No,DICKENSON (PAIGE)
No,DICKENSON AVE
No,DIGGER
No,DINKEY CREEK RD
No,DINUBA
No,DINUBA (DIRT)
No,DINUBA ALIGN
No,DINUBA AVE
No,DIPPER LANE
No,DIPPER LANE (EAST)
No,DIPPER LANE (WEST)
No,DITCH
No,DOCKERY
No,DOCKERY ALIGN
No,DOCKERY AVE
No,DOGWOOD
No,DOGWOOD ROAD
No,DOLAN
No,DOLORES
No,DOMENGINE
No,DONNER
No,DOOLITTLE
No,DORABELLA
No,DOS PALOS
No,DOUGHTY
No,DOUGLAS
No,DOUGLAS (DEAD END)
No,DOUGLAS (DIRT)
No,DOUGLAS (NORTH)
No,DOUGLAS (SOUTH)
No,DOUGLAS ALIGN
No,DOUGLAS AVE
No,DOVEWOOD
No,DOWER
No,DOWER AVE
No,DRUMMOND
No,DRY CREEK
No,DRY CREEK (C-238)
No,DRY CREEK (C-242)
No,DUDLEY
No,DUKE
No,DUNLAP RD
No,DURANT
No,DWIGHT
No,E
No,EAGLE
No,EARL
No,EAST
No,EAST AVE
No,EASTERBY N
No,EASTERBY S
No,EDDY
No,EDGAR
No,EDGAR AVE
No,EDITH DR
No,EFIRD
No,EL CAPITAN
No,EL DORADO
No,EL DORADO (DIRT)
No,EL DORADO ALIGN
No,EL DORADO AVE
No,EL LADO
No,EL MONTE
No,EL MONTE WAY
No,EL MONTE WY
No,EL PROGRESSO
No,ELDERBERRY RD
No,ELEVENTH
No,ELIZABETH
No,ELKHORN
No,ELKHORN AVE
No,ELKHORN GRADE
No,ELLENA
No,ELLERY
No,ELLERY (EAST)
No,ELLERY (WEST)
No,ELM
No,ELM & LINCOLN
No,ELM & NORTH
No,ELM (SOUTH)
No,ELM AVE
No,ELWOOD
No,ELWOOD RD
No,EMPEROR
No,END
No,END MAINT RD
No,END MAINT RD (C.L.)
No,END MAINT RD (CUL-DE-SAC)
No,END MAINT RD (EAST)
No,END MAINT RD (FRESNO C.L.)
No,END MAINT RD (GATE)
No,END MAINT RD (PARK ENTRANCE)
No,END MAINT RD (WEST)
No,END MAINT RD(FRONTAGE RD)
No,END MAINT RD.
No,END OF MAINT
No,END OF MAINT (CUL-DE-SAC)
No,END OF MAINTENANCE
No,END OF PAVEMENT
No,ENGLEHART
No,ENGLEHART AVE
No,ENNIS
No,ENNIS RD
No,ENTERPRISE CANAL (CLOVIS C.L.)
No,EOM (CUL-DE-SAC)
No,ERIE
No,ERIKSON
No,ESCALON
No,ESCALON (CUL-DE-SAC)
No,ESCALON CUL-DE-SAC
No,ESTRELLA
No,EUCLID
No,EUGENIA
No,EUNICE
No,EVANS
No,EVANS AVE
No,EVELYN
No,EVELYN AVE (FRESNO C.L.)
No,EVERGREEN RD
No,EXCELSIOR
No,EXCELSIOR AVE
No,EXCHEQUER DR
No,F
No,FAIR
No,FAIRBANKS
No,FAIRFAX
No,FAIRFAX (NORTH)
No,FAIRFAX (SOUTH)
No,FAIRFAX AVE
No,FAIRLESS
No,FAIRMONT
No,FAIRMONT (EAST)
No,FAIRMONT (FRESNO C.L.)
No,FAIRMONT (WEST)
No,FAIRWAY
No,FALLEN OAK
No,FALLON
No,FANCHER
No,FANCHER AVE
No,FANTZ
No,FANTZ AVE
No,FARRIS
No,FARRIS (END MAINT RD)
No,FATIMA
No,FATIMA AVE
No,FELAND
No,FELAND AVE
No,FERGER
No,FIESTA
No,FIFTH
No,FIG
No,FIG AVE
No,FIG/MLK & JENSEN
No,FIG/MLK & NORTH
No,FIKE
No,FILLMORE
No,FINE
No,FIR
No,FIREBAUGH C.L.
No,FIRESTONE
No,FLEMMING
No,FLICKER
No,FLINTRIDGE
No,FLORADORA
No,FLORADORA AVE
No,FLORAL
No,FLORAL (DIRT)
No,FLORAL ALIGN
No,FLORAL AVE
No,FLORENCE
No,FLOYD
No,FLOYD ALIGN
No,FLOYD AVE
No,FLUME RD
No,FLUME RD (N)
No,FLUME RD (S)
No,FOLSOM
No,FORKNER
No,FORRESTAL
No,FOUNTAIN WAY
No,FOUNTAIN WY
No,FOURTH
No,FOURTH (FRESNO)
No,FOWLER
No,FOWLER & JENSEN
No,FOWLER & KINGS CANYON
No,FOWLER & MCKINLEY
No,FOWLER & NEES
No,FOWLER & OLIVE
No,FOWLER & SHEPHERD
No,FOWLER (NORTH)
No,FOWLER (SOUTH)
No,FOWLER AVE
No,FOWLER C.L.
No,FOXTAIL
No,FRAINT RD
No,FRAME LANE (EAST)
No,FRAME LANE (WEST)
No,FRANK
No,FRANKLIN
No,FRANKWOOD
No,FRANKWOOD AVE
No,FRAZIER RD
No,FREMONT
No,FRESNO C.L.
No,FRESNO C.L. (0.147 E/O MINNEWAWA)
No,FRESNO C.L. (SIERRA VISTA)
No,FRESNO C.L. (WINERY)
No,FRESNO C.L.(0.05 S/O HUNTINGTON BLV
No,FRESNO C.L.(0.09 N/O KINGS CANYON)
No,FRESNO C.L.(BELMONT)
No,FRESNO C.L.(YALE AVE.)
No,FRESNO CANAL
No,FRESNO SLOUGH (C-554)
No,FRESNO U.L.
No,FRESNO U.L.(BLISS)
No,FRIANT & NORTH FORK
No,FRIANT RD
No,FRIANT RD GLADDING M
No,FRIANT RD LANCASTER
No,FRIANT-KERN CANAL
No,FRONT
No,FRUIT
No,FRUIT & HERNDON
No,FRUIT & SHAW
No,FRUIT & SIERRA
No,FRUIT AVE
No,G
No,GAINES
No,GALE
No,GALE (KINGS CO)
No,GALE AVE
No,GALVEZ
No,GARFIELD
No,GARFIELD (DIRT)
No,GARFIELD ALIGN
No,GARFIELD AVE
No,GARLAND
No,GARLAND CIR
No,GARRETT
No,GASCHEN
No,GASTON
No,GAYNOR
No,GEARY
No,GENEVA
No,GEORGE SMITH RD
No,GETTYSBURG
No,GETTYSBURG & PALM
No,GETTYSBURG & SIERRA VISTA / SUNNYSIDE
No,GETTYSBURG (DIRT)
No,GLADYS
No,GLENN
No,GLENN MEADOW (PRIVATE)
No,GOLDEN STATE
No,GOLDEN STATE  FRONTAGE
No,GOLDEN STATE & GOLDEN STATE FRTG
No,GOLDEN STATE & JENSEN
No,GOLDEN STATE & MOUNTAIN VIEW
No,GOLDEN STATE & SAGINAW
No,GOLDEN STATE BLVD
No,GOLDEN STATE FR
No,GOLDEN STATE FRONTAGE RD
No,GOLDEN STATE N/B
No,GOLDEN STATE S/B
No,GOLDENROD
No,GOLDENROD ALIGN
No,GOLDENROD AVE
No,GOLF LINKS
No,GONSER
No,GOODFELLOW
No,GOODFELLOW AVE
No,GOODRICH
No,GOULD
No,GOULD CANAL
No,GOULD CANAL (C-77)
No,GRAHAM RD
No,GRAND
No,GRAND VIEW
No,GRANITE
No,GRANITE COURT
No,GRANT
No,GRANT LINE RD
No,GRANTLAND
No,GRANTLAND & PARKWAY
No,GRANTLAND & SHAW
No,GRANTLAND ALIGN
No,GRANTLAND ALIGN (C.L.)
No,GRANTLAND AVE
No,GREEN MEADOW (PRIVATE)
No,GREENHILL RD
No,GREENWOOD
No,GREENWOOD (DIRT)
No,GREENWOOD (NORTH)
No,GREENWOOD (SOUTH)
No,GRIFFITH
No,GROVE
No,H
No,HAMILTON
No,HAMMEL WY
No,HAMMOND
No,HAMPTON
No,HAMPTON (EAST)
No,HAMPTON (WEST)
No,HANEY
No,HANGING BRANCH
No,HANSEN
No,HARDING
No,HARLAN
No,HARLAN (DIRT)
No,HARLAN AVE
No,HARMONY
No,HARRIS
No,HARRISON
No,HARVARD
No,HARVARD/ROWELL
No,HARVEY
No,HASLAM
No,HAYES
No,HAYES & SHIELDS
No,HAYES AVE
No,HAYSTON
No,HAZEL
No,HEARTWOOD
No,HEATHER
No,HEATON
No,HEATON CUL-DE-SAC
No,HEDGES
No,HELM
No,HELM & TULARE
No,HELM CANAL RD
No,HEMLOCK
No,HENDERSON RD
No,HENSON
No,HERNDON
No,HERNDON & LOCAN
No,HERNDON & MARKS
No,HERNDON & PALM
No,HERNDON & PARKWAY
No,HERNDON & VAN NESS
No,HERNDON (DIRT)
No,HERNDON AVE
No,HERNDON CANAL
No,HERNDON E/B
No,HICKORY (PRIVATE)
No,HIDALGO
No,HIGHLAND
No,HIGHLAND AVE
No,HIGHLAND AVE ( KINGS CO.)
No,HILL
No,HILL AVE
No,HILLCREST
No,HILLS VALLEY RD
No,HILLTOP
No,HOCHDERFFER
No,HOGAN
No,HOGBACK
No,HOLBROOK
No,HOLLAND
No,HOPE WELL RD
No,HOPKINS
No,HORNET
No,HORSESHOE BEND
No,HOSKINS LN
No,HOWARD
No,HOWARD ALIGN
No,HOWARD ALIGN.
No,HOWARD AVE
No,HUCKLEBERRY HILL LN (PRIVATE)
No,HUDSON
No,HUDSON ALIGN
No,HUDSON AVE
No,HUGHES
No,HUGHES AVE
No,HUGHES CREEK (C-131)
No,HULBERT
No,HUMBOLDT
No,HUMBOLDT AVE
No,HUME ROAD
No,HUNTINGTON
No,HUNTINGTON & PEACH
No,HUNTINGTON LAKE RD
No,HUNTINGTON LK RD
No,HUNTINGTON LODGE
No,HUNTSMAN
No,HUNTSMAN (PRIVATE)
No,HUNTSMAN AVE
No,HYDE ST
No,I
No,I-5
No,I-5 R/W
No,ILLINOIS
No,IMPERIAL ALIGN
No,INDEPENDENCE
No,INDIAN GUIDE
No,INDIAN RESERVATION
No,INDIANAPOLIS
No,INDIANOLA
No,INDIANOLA (SOUTH)
No,INTERNATIONAL
No,INTERNATIONAL & WILLOW
No,INVERNESS WY
No,INVERNESS WY (NORTH)
No,INVERNESS WY (SOUTH)
No,INYO
No,IOWA
No,IRIS
No,IRIS RD
No,ISLAND
No,ISLAND AVE
No,ITALIAN BAR RD
No,JACALITOS CR RD
No,JACKSON
No,JACKSON (NORTH)
No,JACKSON (SOUTH)
No,JACOBS
No,JACOBS AVE
No,JAMES RD
No,JAMESON
No,JAMESON ALIGN
No,JAMESON ALIGN.
No,JAMESON AVE
No,JAYNE
No,JAYNE & STATE HOSPITAL ENTRANCE
No,JAYNE AVE
No,JEFFERSON
No,JEFFERSON (DIRT)
No,JEFFERSON ALIGN
No,JEFFERSON AVE
No,JENSEN
No,JENSEN & MAPLE
No,JENSEN & MCCALL
No,JENSEN & PEACH
No,JENSEN & SUNNYSIDE
No,JENSEN & TEMPERANCE
No,JENSEN & WILLOW
No,JENSEN (DIRT)
No,JENSEN ALIGN
No,JENSEN AVE
No,JENSEN BY PASS
No,JENSEN BY PASS E/B
No,JENSEN BY PASS W/B
No,JENSEN E/B
No,JENSEN W/B
No,JERROLD
No,JERROLD (DIRT)
No,JERROLD (NORTH)
No,JERROLD (SOUTH)
No,JERROLD AVE
No,JIM SAVAGE
No,JOHNSON
No,JOHNSON AVE
No,JONES ST
No,JOSE BASIN RD
No,JOY
No,JOYCE DR
No,JUANCHE
No,JUAREZ
No,JUDY
No,JUNIPER
No,KADOTA
No,KAMM
No,KAMM (DIRT)
No,KAMM AVE
No,KATY LN
No,KAVANAGH
No,KAVILAND
No,KEARNEY
No,KEARNEY (N FRONTAGE)
No,KEARNEY (S FRONTAGE)
No,KEARNEY BLVD
No,KEARNEY PARK ENTRANCE
No,KEATS
No,KELLY
No,KENMORE DR
No,KENMORE DR (NORTH)
No,KENMORE DR (SOUTH)
No,KENMORE DR (WEST)
No,KENMORE DR NORTH
No,KENMORE DR SOUTH
No,KENNETH
No,KERMAN C.L.
No,KHAN
No,KINCAID
No,KINCAID (DIRT)
No,KINGLET
No,KINGS
No,KINGS CANYON
No,KINGS CANYON & MINNEWAWA
No,KINGS CANYON & PEACH
No,KINGS CANYON & TEMPERANCE
No,KINGS CANYON FRONTAGE RD NORTH
No,KINGS CANYON FRONTAGE RD SOUTH
No,KINGS CANYON RD
No,KINGS CANYON RD (N F
No,KINGS CANYON RD (N FR)
No,KINGS CANYON RD (S F
No,KINGS CANYON RD E/B
No,KINGS CANYON RD W/B
No,KINGS RIVER
No,KINGS RIVER (NORTH)
No,KINGS RIVER (SOUTH)
No,KINGS RIVER AVE
No,KINGSBURG C.L.
No,KINGSBURG C.L.(MADSEN AVE)
No,KINGSBURG U.L.
No,KINGSTON
No,KITTYHAWK
No,KLEPPER
No,KNOBCONE
No,KNOLL
No,KOFOID
No,KOKANEE
No,KRUGER
No,LAC JAC
No,LAC JAC & MANNING
No,LAFAYETTE
No,LAGUNA
No,LAGUNA (DIRT)
No,LAGUNA ALIGN
No,LAGUNA AVE
No,LAGUNA VISTA
No,LAKE
No,LAKE ALIGN
No,LAKE RD
No,LAKEVIEW
No,LAMONA
No,LANE
No,LANES RD
No,LANGLEY
No,LANSING
No,LARKIN
No,LARSEN
No,LAS TUNIS
No,LASSEN
No,LASSEN ALIGN
No,LASSEN AVE
No,LATONIA
No,LATTA
No,LAUREL
No,LAURITE
No,LAVERNE
No,LAVONA
No,LEAD
No,LEBANON
No,LEMON
No,LEONARD
No,LEONARD (10 1/2 KING
No,LEONARD (10 1/5 KINGS CO.)
No,LEONARD (NORTH)
No,LEONARD (SOUTH)
No,LEONARD AVE
No,LEONARD CUL-DE SAC N
No,LEONARD CUL-DE SAC S
No,LEONARD CUL-DE-SAC N
No,LEONARD CUL-DE-SAC S
No,LETSON
No,LEVEE RD
No,LEVEE RD (DIRT)
No,LEVEE ROAD
No,LEWIS
No,LEWIS LN
No,LEWISTON
No,LEWISTON AVE
No,LEXINGTON
No,LIBERTY
No,LILAC
No,LILY
No,LIMBER
No,LINCOLN
No,LINCOLN & ELM/LOTUS
No,LINCOLN (DIRT)
No,LINCOLN (EAST)
No,LINCOLN (WEST)
No,LINCOLN ALIGN
No,LINCOLN AVE
No,LIND
No,LINDA LN
No,LINDEN
No,LINNET
No,LINSON (PRIVATE)
No,LITTLE BEAVER
No,LITTLE DRY CREEK (C-210)
No,LITTLE DRY CREEK (C-268)
No,LITTLE DRY CREEK (C-269)
No,LITTLE PANOCHE
No,LITTLE PANOCHE CREEK (C-138)
No,LITTLE PANOCHE RD
No,LITTLEFIELD
No,LIVE OAK
No,LIVERMORE
No,LOCAN
No,LOCAN AVE
No,LOCH
No,LOCH LANE
No,LOCUST
No,LODGE RD
No,LODGE ROAD
No,LOMA LINDA
No,LOMA LINDA CUL-DE-SA
No,LOMITA
No,LONE OAK
No,LONGHORN DR
No,LONGVIEW RD
No,LORENA
No,LOS ALTOS
No,LOS ANGELES ALIGN
No,LOS GATOS RD
No,LOST HILLS RD
No,LOTUS
No,LOWE
No,LUCILLE
No,LUNA
No,LUPINE DR
No,LUX
No,LYELL
No,LYON
No,LYON  ALIGN
No,MACDONOUGH
No,MACDONOUGH AVE
No,MADERA
No,MADERA (DIRT)
No,MADERA ALIGN
No,MADERA AVE
No,MADISON
No,MADRONE
No,MADSEN
No,MADSEN AVE
No,MAGILL
No,MAGNOLIA
No,MAGNOLIA (DIRT)
No,MAIN CANAL
No,MAINE
No,MALAGA
No,MALAGA (DIRT)
No,MALAGA ALIGN
No,MALCOLM
No,MALSBARY
No,MALVERN
No,MANILA
No,MANLEY
No,MANNING
No,MANNING & MCCALL
No,MANNING & MENDOCINO
No,MANNING & NEWMARK
No,MANNING & ZEDIKER
No,MANNING (DIRT)
No,MANNING AVE
No,MANNING E/B
No,MANNING E/B J.ISAAC
No,MANNING W/B
No,MANNING W/B J.ISAAC
No,MANZANITA
No,MAPLE
No,MAPLE & McKINLEY
No,MAPLE & SHIELDS
No,MAPLE AVE
No,MARCUS
No,MARCUS (DIRT)
No,MARIN
No,MARIN ALIGN
No,MARIN RD
No,MARIN RD (DIRT)
No,MARION
No,MARKAY
No,MARKLAND CANYON (C-271)
No,MARKS
No,MARKS & MCKINLEY
No,MARKS & SHAW
No,MARKS & SIERRA
No,MARKS & WHITES BRIDGE
No,MARKS (NORTH)
No,MARKS (SOUTH)
No,MARKS AVE
No,MAROA
No,MAROA & SHAW
No,MAROA & SIERRA
No,MARSH
No,MARSHALL
No,MARTHA
No,MARTIN RD
No,MARTY
No,MARY
No,MASTERS
No,MAXON RD
No,MAXON ROAD
No,MAYFAIR BLVD
No,MAYFAIR DR
No,MAYFAIR DR (EAST)
No,MAYFAIR DR EAST
No,MAYFAIR DR NORTH
No,MAYWOOD DR
No,MAYWOOD DR (NORTH)
No,MAYWOOD DR (SOUTH)
No,MC CALL
No,MC CALL (NORTH)
No,MC CALL (SOUTH)
No,MC CAMPBELL
No,MC KAMEY
No,MC KELVEY
No,MC KENZIE
No,MC KINLEY
No,MC KINLEY (C.L.)
No,MC KINLEY W/B
No,MC MULLIN GRADE
No,MCCALL & SHAW
No,MCCALL AVE
No,MCKINLEY & TEMPERANCE
No,MCKINLEY AVE
No,MEADOW LN
No,MEDFORD
No,MELODY
No,MELRUNA
No,MENDES DR
No,MENDES RD
No,MENDOCINO
No,MENDOCINO & MOUNTAIN VIEW
No,MENDOCINO AVE
No,MENDOTA C.L.
No,MENLO
No,MERCED
No,MERCED ALIGN
No,MERIDIAN
No,MERRILL
No,MERRILL AVE
No,MERRIMAN
No,MESA
No,MESA COURT
No,MICHELLE
No,MICHIGAN
No,MIDWICK LN
No,MILBURN
No,MILLBROOK
No,MILLER
No,MILLERTON & TABLE MOUNTAIN ENTRANCE
No,MILLERTON RD
No,MILLERTON RD (EAST)
No,MILLERTON RD (WEST)
No,MILLUX
No,MILLUX  ALIGN
No,MILLWOOD
No,MILLWOOD RD
No,MINNEWAWA
No,MINNEWAWA & SHEPHERD
No,MINNEWAWA (CUL-DE-SU
No,MINNEWAWA ALIGN
No,MINNEWAWA AVE
No,MINT
No,MISTLETOE RD
No,MITCHELL
No,MODOC
No,MODOC ALIGN
No,MODOC AVE
No,MOHAWK DR
No,MONO
No,MONO ALIGN
No,MONREAL
No,MONROE
No,MONROE AVE
No,MONSON
No,MONSON AVE
No,MONTANA
No,MONTE
No,MONTECITO
No,MONTEREY
No,MONTEREY (DIRT)
No,MONTEREY ALIGN
No,MORAGA
No,MORAIN
No,MORNINGSIDE
No,MORRIS
No,MORRO
No,MORTON
No,MORTON (SANGER)
No,MOTT
No,MOUNTAIN VIEW
No,MOUNTAIN VIEW & ZEDIKER
No,MOUNTAIN VIEW ALIGN
No,MOUNTAIN VIEW AVE
No,MOUNTAIN VIEW E/B
No,MOUNTAIN VIEW W/B
No,MOUNTAIN VIEW W/B(LA
No,MT CAMPBELL
No,MT WHITNEY
No,MT WHITNEY (DENVER KINGS CO.)
No,"MT WHITNEY (DENVER,"
No,MT WHITNEY AVE
No,MURPHY
No,MUSCAT
No,MUSCAT AVE
No,MUSCAT AVENUE
No,MUSICK
No,MUSICK  (E)
No,MUSICK  (W)
No,MUSTANG
No,MYRTLE
No,NANTUCKET
No,NAPA
No,NAPA (DIRT)
No,NAPA AVENUE
No,NARES
No,NATIONAL
No,NAVELENCIA
No,NAVELENCIA AVE
No,NEBRASKA
No,NEBRASKA ALIGN
No,NEBRASKA AVE
No,NEES
No,NEES & WILLOW
No,NEES (W/B)
No,NEES AVE
No,NELSON
No,NEWCOMB
No,NEWCOMB ALIGN
No,NEWMARK
No,NEWMARK AVE
No,NF BOUNDRY
No,NICHOLAS ROAD
No,NIELSEN
No,NINE
No,NINTH
No,NOBLE
No,NORMAL
No,NORRIS DR
No,NORRIS DR (EAST)
No,NORRIS DR (W & S)
No,NORRIS DR (WEST)
No,NORRIS DR EAST
No,NORRIS DR W/B
No,NORRIS DR WEST
No,NORTH
No,NORTH ALIGN
No,NORTH AVE
No,NORTH FORK RD
No,NORWICH
No,NURMI
No,NUTHATCH
No,NUTMEG
No,O.606 W/O BUTTE
No,OAK
No,OAK LN
No,OAK MEADOW
No,OAKLAND
No,OAKLEAF LN (PRIVATE)
No,OCKENDEN RANCH
No,OCKENDEN RANCH RD
No,OHIO
No,OHIO (DIRT)
No,OHIO ALIGN
No,OIL CITY ALIGN
No,OIL CITY ROAD
No,OLD FRIANT RD
No,OLD FRIANT RD (NORTH)
No,OLD HUNTINGTON
No,OLD HUNTINGTONG
No,OLD KINGSTON GR
No,OLD KINGSTON GRADE
No,OLD SAND CREEK
No,OLD SAND CREEK (EAST)
No,OLD SAND CREEK (WEST)
No,OLD TOLLHOUSE RD
No,OLEANDER
No,OLIVE
No,OLIVE & PEACH
No,OLIVE & TEMPERANCE
No,OLIVE & WILLOW
No,OLIVE & WINERY ENTRANCE
No,OLIVE (FRONTAGE RD)
No,OLIVER
No,OLIVER AVE
No,OLNEY
No,OLSEN (REEDLEY)
No,ONTARIO
No,ORANGE
No,ORANGE AVE
No,ORANGE COVE C.L.
No,ORANGEWOOD
No,ORANGEWOOD CUL-DE-SAC
No,ORCHARD
No,ORCHARD DRIVE
No,ORCHID
No,ORISKANY
No,ORLEANS
No,ORLEANS (DIRT)
No,ORLEANS ALIGN
No,ORMSBY
No,ORMUS
No,OSTLER
No,OUTSIDE CANAL
No,OUTSIDE MAIN CANAL (C-148)
No,OVERHOLSER
No,OXALIS
No,OXALIS RD
No,OXFORD
No,PACIFIC
No,PAIGE
No,PAIGE (JAMESON)
No,PAIGE ALIGN
No,PALM
No,PALM & SAN JOSE
No,PALM & SHAW
No,PALM & SIERRA
No,PALM (E FRONTAGE)
No,PALM FRONTAGE
No,PALM FRONTAGE (E)
No,PALM N/B
No,PALM S/B
No,PALMER
No,PALO ALTO
No,PALO ALTO (CUL-DE-SA
No,PALO ALTO (CUL-DE-SAC)
No,PALOMA
No,PALOMA (EAST)
No,PALOMA (WEST)
No,PALOMINO
No,PANOCHE RD
No,PANOCHE RD (DIRT)
No,PANOCHE ROAD
No,PARALLEL (FRESNO)
No,PARK BLVD
No,PARK CIRCLE
No,PARK CIRCLE DR
No,PARKER
No,PARKFIELD GRADE
No,PARKSIDE
No,PARKWAY DRIVE
No,PARLIER
No,PARLIER (DIRT)
No,PARLIER AVE
No,PARLIER C.L.
No,PARRISH WAY
No,PAUL
No,PAUL NEGRA
No,PAULA
No,PEACH
No,PEACH & TULARE
No,PEACH AVE
No,PEACH FRONTAGE RD
No,PEACH N/B
No,PEAR
No,PEDERSON
No,PEPPERWEED RD
No,PERALTA
No,PERKINS
No,PERLMAN
No,PERRIN
No,PERRIN & WILLOW
No,PERRY
No,PETER
No,PETERSON ROAD
No,PHELPS
No,PHELPS ALIGN
No,PHILLIP
No,PICO
No,PIEDRA
No,PIEDRA (CUL-DE-SAC)
No,PIEDRA RD
No,PIEDRA(NEW)
No,"PIEDRA(OLD,CUL-DE-SA"
No,PIERCE(FRESNO C.L.)
No,PINE
No,PINE FLAT RD
No,PINON
No,PINTO
No,PIO PICO
No,PISMO
No,PITT
No,PITTMAN HILL RD
No,PLACER
No,PLACER AVE
No,PLATT
No,PLAZA
No,PLEASANT
No,PLEASANT (NORTH)
No,PLEASANT (SOUTH)
No,PLUMAS
No,PLUMAS ALIGN
No,PLYMOUTH WY
No,POINSETTIA
No,POLE LINE ROAD
No,POLK
No,POLK & SHIELDS
No,POLK ALIGNMENT
No,POLK AVE
No,PONTIAC
No,POPLAR
No,POPLAR (FRESNO)
No,POPPY
No,PORCUPINE
No,PORTER
No,PORTER (NORTH)
No,PORTER (SOUTH)
No,PORTER AVE
No,PORTOLA
No,POST OAK
No,POWER HOUSE NO 1 RD
No,POWERHOUSE RD
No,POWERS
No,POWERS (WEST)
No,PREUSS
No,PRINCE
No,PRINCE ALIGN
No,PRINCETON
No,PRINCETON (CUL-DE-SA
No,PRINCETON (CUL-DE-SAC)
No,PROSPECT
No,PUEBLO
No,PULLMAN
No,PURDUE
No,PWR HOUSE NO 1 RD
No,QUAIL HOLLOW (PRIVATE)
No,QUALITY
No,QUALITY AVE
No,QUARTZ LANE
No,QUINCE
No,RABE
No,RACOON
No,RADIO
No,RAFAEL
No,RAIDER
No,RAINBOW AVE
No,RAINBOW RD
No,RALPH LN N
No,RALPH LN N&S
No,RALPH LN S
No,RAMONA
No,RANCHERIA
No,RANCHO DR
No,RANDOLPH
No,RANGER
No,RAVEN (PRIVATE)
No,RECREATION
No,RECTOR (PRIVATE)
No,RECTOR WAY
No,REDBANK
No,REDONDO
No,REDWOOD RD
No,REED
No,REED AVE
No,REED JAVIER BEJAR ME
No,REEDLEY C.L.
No,REEDLEY C.L. (S/S RR TR
No,REEDLEY DITCH
No,REMINGTON
No,RENN
No,REVERE RD
No,RIALTO
No,RICE RD
No,RICEWOOD
No,RICHERT
No,RICHERT ALIGN.
No,RICHMOND
No,RING
No,RINGTAIL
No,RIO
No,RIO VISTA
No,RIO VISTA (NORTH)
No,RIO VISTA (SOUTH)
No,RIVERBEND
No,RIVERBEND (NORTH)
No,RIVERBEND (SOUTH)
No,RIVERBEND AVE
No,RIVERBOTTOM RD
No,RIVERDALE
No,RIVERDALE (CAIRO KIN
No,RIVERDALE AVE
No,RIVERSIDE  ALIGN
No,ROBERTS
No,ROBERTS (CUL-DE-SAC)
No,ROBIN RD
No,ROBINSON
No,ROBINWOOD LN
No,ROBINWOOD LN  (PRIVATE)
No,ROBLES
No,ROCK
No,ROCK TREE
No,ROCKLEDGE
No,RODEO
No,ROGERS LN
No,ROLINDA
No,ROLINDA AVE
No,ROOSEVELT
No,RORDEN
No,ROSE
No,ROSE AVE
No,ROSS
No,ROWELL
No,RUSH CREEK RD (PRIVATE)
No,RUSSELL
No,RUSSELL AVE
No,RUTH HILL RD
No,RUTH HILL ROAD
No,RUTH HILL ROAD (EAST)
No,RUTH HILL ROAD (WEST)
No,SABRE
No,SACRAMENTO
No,SACRAMENTO ALIGN (S)
No,SADDLEBACK
No,SAFFORD
No,SAGE  LN (PRIVATE)
No,SAGINAW
No,SAGINAW ALIGN
No,SAGINAW AVE
No,SAGINAW WAY
No,SAGINAW WAY ALIGN
No,SAMPLE
No,SAMPLE ROAD
No,SAN BENITO
No,SAN BENITO ALIGN
No,SAN BERNADINO ALIGN
No,SAN BERNARDINO
No,SAN BERNARDINO (DIRT
No,SAN BERNARDINO ALIGN
No,SAN BRUNO
No,SAN BRUNO CIRCLE
No,SAN CARLOS
No,SAN DIEGO
No,SAN DIEGO  ALIGN
No,SAN DIEGO AVE
No,SAN FELIPE
No,SAN GABRIEL
No,SAN JACINTO
No,SAN JOAQUIN
No,SAN JOAQUIN (DIRT)
No,SAN JOAQUIN ALIGN
No,SAN JOAQUIN C.L.
No,SAN JOSE
No,SAN JUAN
No,SAN MADELE
No,SAN MATEO
No,SAN MATEO (DIRT)
No,SAN MATEO ALIGN
No,SAN PABLO
No,SAN RAMON
No,SAND CREEK RD
No,SANDERS
No,SANDERS CT
No,SANDPIPER LANE
No,SANDRIDGE LANE
No,SANDY
No,SANGER
No,SANGER C.L.
No,SANS BAKER RD
No,SANTA ANA
No,SANTA BARBARA
No,SANTA BARBARA  ALIGN
No,SANTA CLARA
No,SANTA CLARA ALIGN
No,SANTA FE
No,SANTA FE GRADE
No,SANTA FE GRADE (DIRT
No,SARAH
No,SCAGGS
No,SCHILLING
No,SCHOOL
No,SCHUBERT
No,SCOTT
No,SCOTT CUL-DE-SAC
No,SECOND
No,SELMA C.L.
No,SELMA U.L.
No,SEQUOIA DR
No,SEVENTH
No,SHAFT
No,SHAIN
No,SHAIN (DIRT)
No,SHASTA
No,SHASTA ALIGN
No,SHAVER FOREST
No,SHAVER SPRINGS (PRIVATE)
No,SHAW
No,SHAW & VAN NESS
No,SHAW ALIGN
No,SHAW AVE
No,SHAW E/B
No,SHAW W/B
No,SHELL RD
No,SHEPHERD
No,SHEPHERD & SUNNYSIDE
No,SHEPHERD & TEMPERANCE
No,SHEPHERD & WILLOW
No,SHEPHERD W/B
No,SHERIDAN
No,SHERRILL
No,SHIELDS
No,SHIELDS & SIERRA VISTA
No,SHIELDS & TEMPERANCE
No,SHIELDS (DIRT)
No,SHIELDS AVE
No,SHIELDS E/B
No,SHIELDS W/B
No,SHOEMAKE
No,SIERRA
No,SIERRA & WEST
No,SIERRA AVE
No,SIERRA CUL-DE-SAC
No,SIERRA MADRE
No,SIERRA VISTA
No,SIERRA VISTA (C.L.)
No,SILAXO
No,SILAXO (DIRT)
No,SILVEIRA
No,SILVER OAK LANE (PRIVATE RD)
No,SILVERA
No,SILVERIA
No,SILVERPINE
No,SIMERLY
No,SIMPSON
No,SIMPSON (EAST)
No,SIMPSON (WEST)
No,SISKIYOU
No,SISKIYOU AVE
No,SIVERLY LN
No,SIVERLY LN (EAST END)
No,SIVERLY LN (WEST END)
No,SIXTH
No,SJ&E ROAD
No,SKY HARBOUR
No,SKY LAKE DR
No,SMALLEY ROAD
No,SMITH
No,SMITH AVE
No,SMOKE TREE
No,SMYRNA
No,SNOW RD
No,SOLANO ALIGN  (S)
No,SOLAR
No,SONOMA
No,SONOMA (DIRT)
No,SONORA
No,SOUTH
No,SOUTH (DIRT)
No,SOUTH ALIGN
No,SOUTH AVE
No,SOUTH FORK CREEK (C-137)
No,SPAATZ
No,SPARROW RD
No,SPRINGFIELD
No,SPRINGFIELD (DIRT)
No,SPRINGFIELD AVE
No,SPRUCE
No,SQUAW VALLEY RD
No,SR 145 & BELMONT
No,SR 168 & SHIELDS
No,SR 168 R/W
No,SR 180 & ACADEMY
No,SR 180 & BETHEL
No,SR 180 & BRAWLEY
No,SR 180 & CLOVIS
No,SR 180 & DEL NORTE
No,SR 180 & DEWOLF
No,SR 180 & FOWLER
No,SR 180 & GOLDENROD
No,SR 180 & LEONARD
No,SR 180 & MARKS
No,SR 180 & MCCALL
No,SR 180 & SISKIYOU
No,SR 180 & TEMPERANCE
No,SR 180 & VINELAND
No,SR 41 & ADAMS
No,SR 41 & AMERICAN
No,SR 41 & CENTRAL
No,SR 41 & CONEJO
No,SR 41 & ELKHORN
No,SR 41 & MANNING
No,SR 41 & MOUNT WHITNEY
No,SR 41 & MOUNTAIN VIEW
No,SR 41 & NORTH
No,SR 43 & CONEJO
No,SR 43 & MOUNTAIN VIEW
No,SR 43 & NEBRASKA
No,SR 99 & CENTRAL
No,SR 99 & FLORAL
No,SR99 R/W (END MAINT RD)
No,SSR 145
No,SSR 168
No,SSR 168 (CUL-DE-SUC)
No,SSR 168 ACCESS RD
No,SSR 168 R/W
No,SSR 180
No,SSR 198
No,SSR 245
No,SSR 269
No,SSR 33
No,SSR 33 (ALPINE)
No,SSR 33-198
No,SSR 41
No,SSR 41 R/W
No,SSR 43
No,SSR 63
No,SSR 63 (HILLS VALLEY)
No,SSR 99
No,SSR 99  R/W
No,SSR 99 ON RAMP
No,STANFORD
No,STANISLAUS
No,STANISLAUS ALIGN
No,STARK
No,STATHEM
No,STINSON CANAL
No,STONEY HILL (PRIVATE)
No,STOREY  ALIGN
No,STROUD
No,STROUD AVE
No,STUART
No,SUGARLOAF (PRIVATE)
No,SULPHUR SPRINGS
No,SUMMIT
No,SUMNER
No,SUMNER (DIRT)
No,SUMNER AVE
No,SUN MOUNTAIN
No,SUNDEW RD
No,SUNNY SLOPE RD
No,SUNNYSIDE
No,SUNNYSIDE AVE
No,SUNSET DR
No,SUPERIOR
No,SUSSEX
No,SUTTER
No,SUTTER AVE
No,SWAN
No,SWANSON
No,SWANSON (DIRT)
No,SWIFT
No,SWITCH
No,SYCAMORE
No,SYCAMORE AVE
No,SYCAMORE CAMP ENTRANCE
No,SYCAMORE CREEK (C-481)
No,SYCAMORE RD
No,SYCAMORE RD (BURROUGH VALLEY)
No,SYLMAR
No,TABLE MOUNTAIN
No,TACHE
No,TAHAN
No,TAHOE
No,TAM O SHANTER LN
No,TARPEY DR
No,TARPEY DRIVE
No,TAYLOR
No,TEA PARTY LN
No,TEAGUE
No,TEILMAN
No,TEILMAN (CUL-DE-SAC)
No,TEILMAN (NORTH)
No,TEILMAN (SOUTH)
No,TEMPERANCE
No,TEMPERANCE (NORTH)
No,TEMPERANCE (SOUTH)
No,TEMPERANCE AVE
No,TENAYA
No,TENTH
No,TERESA SPRINGS (PRIVATE)
No,TERRACE
No,TERRADO
No,TERRY
No,THERMAL
No,THIRD
No,THIRD LIFT CANAL
No,THOMAS
No,THOMPSON
No,THOMPSON (NORTH)
No,THOMPSON (SOUTH)
No,THOMPSON AVE
No,THORNE
No,TIBURCIO
No,TIBURCIO RD
No,TICONDE
No,TICONDEROGA DR
No,TIGER
No,TIMBER
No,TINOCO
No,TISHA
No,TIVY VALLEY RD
No,TODD EYMANN RD
No,TOLETACHI
No,TOLETACHI RD
No,TOLL HOUSE RD
No,TOLLHOUSE
No,TOLLHOUSE RD
No,TOPAZ LANE
No,TOPEKA
No,TOWNSEND
No,TOYON
No,TRACTOR
No,TRACTOR ALIGN
No,TRAVERSE
No,TRIMMER SPRINGS
No,TRIMMER SPRINGS RD
No,TRINITY
No,TRINITY ALIGN
No,TRINITY AVE
No,TROUT LAKE DR
No,TUFT
No,TULARE
No,TULARE & WILLOW
No,TUOLUMNE
No,TUOLUMNE (DIRT)
No,TUOLUMNE ALIGN
No,TURNER
No,TURNER (FRESNO C.L.)
No,TURNEY
No,TUTTLE
No,TWAIN
No,TYLER
No,UNION
No,UNIVERSITY
No,URSY
No,URSY AVE
No,VAGEDES
No,VALENTINE
No,VALENTINE (NORTH)
No,VALENTINE (SOUTH)
No,VALENTINE AVE
No,VALERIA
No,VAN HORN
No,VAN NESS
No,VANDEGRIFT
No,VANDERGRIFT
No,VARTIKIAN
No,VASSAR
No,VERANADA
No,VERDE
No,VIAU
No,VIAU AVE
No,VICTORIA
No,VILLA
No,VILLA AVE
No,VINE
No,VINELAND
No,VINELAND AVE
No,VINO
No,VIOLET LANE
No,VISTA
No,WAHOO LN
No,WAHTOKE
No,WAHTOKE CREEK (C-422)
No,WAKEFIELD
No,WAKEFIELD (DIRT)
No,WALDBY
No,WALKER CT
No,WALL
No,WALLACE
No,WALLING
No,WALLING (DIRT)
No,WALNUT
No,WALNUT AVE
No,WALTER
No,WARBLER
No,WARD
No,WARTHAN CREEK
No,WASHINGTON
No,WASHINGTON (EAST)
No,WASHINGTON (WEST)
No,WASHOE
No,WASHOE  ALIGN
No,WASHOE (DIRT)
No,WASHOE AVE
No,WATERCRESS LANE
No,WATTS VALLEY RD
No,WAVERLY
No,WAVERLY LN
No,WAWONA
No,WEBER
No,WEBSTER
No,WELDON
No,WELDON AVE
No,WELLBARN
No,WEST
No,WEST (DIRT)
No,WEST (E FRONTAGE)
No,WEST (W FRONTAGE)
No,WEST AVE
No,WEST LAWN
No,WEST LAWN (DIRT)
No,WEST LAWN ALIGN
No,WEST N/B
No,WEST S/B
No,WESTERN
No,WESTLAWN AVE
No,WHITE
No,WHITENER
No,WHITESBRIDGE
No,WHITTIER
No,WIEMILLER
No,WIEMILLER RD
No,WILDA
No,WILDA WAY
No,WILDCAT
No,WILDERNESS DR
No,WILDWOOD
No,WILLAMETTE
No,WILLIAMS
No,WILLOW
No,WILLOW AVE
No,WILSON
No,WILSON RD (NORTH)
No,WILSON RD (SOUTH)
No,WINCHESTER
No,WINDWOOD RD
No,WINERY
No,WINERY (C.L.)
No,WINERY (FRESNO)
No,WINTERGREEN
No,WINTERMUTE LANE (PRIVATE)
No,WIREGRASS LANE
No,WISH I AH
No,WISHON
No,WISHON (NORTH)
No,WISHON (SOUTH)
No,WISHON CT
No,WOOD
No,WOOD AVE
No,WOOD DUCK DR
No,WOODRIDGE LANE
No,WOODS
No,WOODSON
No,WOODSON CUL-DE-SAC
No,WRENWOOD
No,WRICO
No,WYATT
No,XENIA
No,YALE
No,YOLO
No,YOLO (DIRT)
No,YORKTOWN
No,YOUNG
No,YOUNG (PARLIER)
No,YUBA
No,YUBA (DIRT)
No,YUBA ALIGN
No,ZAPATO CHINO CREEK (C-427)
No,ZEDIKER
No,ZEDIKER AVE
No,ZUMWALT
No,ABSOLUT
No,ACADEMY OAKS
No,ACKERS
No,ACORN
No,ADOLINE
No,AIRWAYS
No,ALCALDE
No,ALDER HEIGHTS
No,Alicante
No,ALMY
No,AMAN
No,AMANDA
No,ANDERSON RANCH
No,ANTELOPE
No,APPLEWINE
No,Apricot
No,ARDEN
No,ARGENBRIGHT
No,ARROW RIDGE
No,ARROWHEAD
No,ARTESIA
No,ASHVILLE
No,ASPEN HOLLOW
No,ASTER
No,AUBERRY MISSION
No,AUNT JULIA
No,AUTUMN
No,AVENAL CUTOFF
No,AVENELL
No,AZALEA
No,AZTEC
No,BACKBONE
No,BADGER
No,BADGER-MIRAMONTE
No,BALCH CAMP
No,BALDPATE
No,BALSAM ADDITION
No,BARBERRY
No,BARCUS
No,BARNES MOUNTAIN
No,BATAAN
No,BAY
No,BAYWOOD
No,BEACH
No,BEAL FIRE
No,BEAR CANYON
No,BEAR CREEK
No,BEAR MOUNTAIN
No,BEAR PAW
No,BEARCLOVER
No,BEAVER
No,BEECH
No,BELCHER
No,BELL
No,BELLA VISTA
No,BENJAMIN
No,BERAN
No,BERLIN
No,BERNADINE
No,BEVERLY
No,BIG CREEK
No,BIG SHUTEYE
No,BIG SPRINGS
No,BIG THUMPER
No,BIGELOW
No,BIGLIONE
No,BISCAYNE
No,BLACK MOUNTAIN
No,BLACK POINT
No,BLACK ROCK
No,BLACKBEARD
No,BLOSSER
No,BLOSSOM
No,BLUBERRY
No,BLUE CANYON
No,BLUE DRAKE
No,BLUE HERON
No,BLUE OAK
No,BLUEBELL
No,BLUEBERRY HILL
No,BLUEBIRD
No,BLUEJAY
No,BLUEWATER BAY
No,BLUFF VIEW
No,BOBCAT
No,BOBS FLAT
No,BODEGA BAY
No,BONNEYVIEW
No,BONTA
No,BOONE
No,BOREN
No,BOSTON
No,BOULDER
No,BOURBON
No,BOWERS
No,BOXALDER
No,BOY SCOUT
No,BRADLEY
No,BRALY
No,BRAMBLE
No,BRANDYWINE
No,BRETZ CAMP
No,BRETZ MILL
No,BRETZ POINT
No,BRIGHTON CREST
No,BRITTEN
No,BROKEN ARROW
No,BROKEN OAK
No,BRONCO
No,BRUNSWICK
No,BRYN MAWR
No,BRYSON
No,BUCK
No,BUCK CANYON
No,BUCKAROO
No,BUCKBOARD
No,BUFFALO
No,BUGGY WHIP
No,BUICK
No,BULL PINE
No,BULL RUN
No,BULLPINE
No,BUNDY
No,BUNGALOW
No,BUNKERHILL
No,BURK
No,BURL
No,BURMA
No,BURROUGH MOUNTAIN
No,BURROUGH NORTH
No,BURROUGH VALLEY
No,BUSINESS PARK
No,BUTTERCUP
No,BUTTERFLY
No,BUTTERNUT
No,CABALLERO
No,CADILLAC
No,CALKINS
No,CAMELBACK
No,CAMP EDISON
No,CAMPESTRE
No,CANVAS BACK
No,CANYON VISTA
No,CARDINAL
No,CARMALEE
No,CARMEL BAY
No,CARPENTER
No,CASSANDRA
No,CASTLE PEAK
No,CEDAR CREST
No,CEDAR RIDGE
No,CEDAR SPRINGS
No,CEDARWOOD
No,CHAHLIP
No,CHAMISE
No,CHANDLER
No,CHARLESTON
No,CHAWANAKEE
No,CHECKERBLOOM
No,CHEROKEE
No,CHERRYHILL
No,CHICAGO
No,CHICKADEE
No,CHINQUAPIN
No,CHISOLM
No,CHRISTINA
No,CHRISTMAS TREE
No,CHUCKWAGON
No,CIRCLE
No,CITRON
No,CITRUS
No,CLEARVIEW
No,CLEARWATER
No,CLEVELAND
No,CLOVER
No,CLUB VIEW
No,CLYDE FANNON
No,COACH
No,COALINGA MENDOTA
No,COALINGA MINERAL SPRINGS
No,COBBLESTONE
No,COFFEE BERRY
No,COLD SPRINGS
No,COLORADO
No,COLUMBINE
No,COLWELL
No,COMSTOCK
No,CONDOR
No,CONGRESS
No,CONSTANCE
No,COOK CABIN
No,COPA DE ORO
No,CORCORAN
No,CORDEL
No,CORNFLOWER
No,CORONADO BAY
No,COSTA
No,COTTONTAIL
No,COUGAR
No,COUNTRY CLUB
No,COUNTRY OAK
No,COUNTRYVIEW
No,COURTRIGHT
No,COYOTE
No,COYOTE HILLS
No,COYOTE PASS
No,CRANE
No,CRANMORE
No,CREEKBEND
No,CREEKSIDE
No,CRESSMAN
No,CREST COURT
No,CREST POINT
No,CREST VIEW
No,CREST VISTA
No,CRESTLINE
No,CRESTMONT HEIGHT
No,CRESTMOOR
No,CRIPE
No,CROW
No,CROWN OAK
No,CROWN RIDGE
No,CRUMP
No,CRYSTAL CREEK
No,CRYSTAL SPRINGS
No,CYPRESS
No,CYRIER
No,DAFFODIL
No,DAIRY VIEW
No,DAISY
No,DANDELION
No,DANES
No,DANTE
No,DAYTON
No,DAYTONA
No,DEATH VALLEY
No,DEEP
No,DEER
No,DEER CREEK
No,DEER PATH
No,DEERBROOK
No,DEERBRUSH
No,DELBERT
No,DESERT WILLOW
No,DEWITT
No,DIABLO
No,DIAZ
No,DINKEY CREEK
No,DIPPER
No,DOODLE BUG
No,DORI
No,DORMITORY
No,DORRIS
No,DOWVILLE EAST
No,DOWVILLE WEST
No,DRAKE
No,DRY POND
No,DUCK POINT
No,DUNCAN CANYON
No,DUNLAP
No,DURANZO
No,DUSY
No,EAGLEMERE
No,EAGLES NEST
No,EAGLES ROCK
No,EASTERBY
No,EASTMERE
No,EASTWOOD
No,EDISON LAKE
No,EDITH
No,EGRET POINT
No,EIGHTH
No,ELDER
No,ELDERBERRY
No,ELGIN
No,ELK
No,ELLENWOOD
No,EMERALD PEAK
No,EMILY
No,ENSLEY
No,ENTERPRISE
No,ERIN
No,ERWIN
No,ESPERANZA
No,ESTERO BAY
No,EUCALYPTUS
No,EVERGREEN
No,EXCHEQUER
No,FAIRWAY OAKS
No,FALCON MEADOW
No,FALLINGWATER
No,FARM
No,FAWN
No,FAWN LILY
No,FEATHER
No,FEATHER WOOD
No,FERGUSON
No,FERN
No,FIDDLENECK
No,FIELDSTONE
No,FINCH
No,FIORI
No,FIRST
No,FLORENCE PEAK
No,FLUME
No,FLYER
No,FOOTHILL
No,FORD
No,FORDHAM
No,FOREST
No,FOREST GROVE
No,FOREST RUN
No,FORESTIERE
No,FORTY RANCH
No,FOUNTAIN
No,FOURTEENTH
No,FOX CREEK
No,FOXGLOVE
No,FRAME
No,FRAZIER
No,FREELAND
No,FRESNO
No,FRESNO COALINGA
No,FRESNO SLOUGH
No,FRIANT
No,FRIANT VIEW
No,FRONTIER
No,FRONTIER TRAIL
No,FRUIT VALE
No,FULGHAM
No,GAITHER
No,GARDEN
No,GARLOCK
No,GARNET
No,GARONNE
No,GEARHART
No,GENTEEL
No,GENTRY
No,GEORGE SMITH
No,GERANIUM
No,GIBBS RANCH
No,GIBSON
No,GLENHAVEN
No,GLENN MEADOW
No,GLENWOOD
No,GLORIOSA
No,GOLD GOP
No,GOLD NUGGET
No,GOLDEN EAGLE
No,GOLDEN SUNSET
No,GOLDENFINCH
No,GOLDENHILL
No,GOLDFIELD
No,GOLDRUSH
No,GOOSEBERRY
No,GRAHAM
No,GRANADA
No,GRANGER
No,GRANITE CIRCLE
No,GRANITE CREEK
No,GRANITE HILLS
No,GRANITE LEDGE
No,GRANITE OAKS
No,GRANITE RIDGE
No,GRANITE RIM
No,GRANTLINE
No,GRAY ROCK
No,GREELEY FIRE
No,GREEN
No,GREEN MEADOW
No,GREENBURY
No,GREENHILL
No,GREENLAKE
No,GREY SQUIRREL
No,GREYS CREEK
No,GRIFFIN
No,GROUSE
No,GUILLAN PARK
No,GUTIERREZ
No,HACIENDA
No,HALL
No,HAMMEL
No,HANALEI BAY
No,HARMON
No,HARPER VALLEY
No,HARRIS RANCH
No,HAWK
No,HAWKINS
No,HAWTHORNE
No,HAZELWOOD
No,HEADLAND
No,HELM CANAL
No,HELM DITCH
No,HELMS
No,HENDERSON
No,HERBERT
No,HERON
No,HICKORY
No,HIDDEN
No,HIDDEN HOLLOW
No,HIDDEN SPRING
No,HIGH MOUNTAIN
No,HIGHCOUNTRY
No,HIGHOAKS
No,HILLS VALLEY
No,HILLSIDE
No,HITCHING POST
No,HOBART
No,HOGMOUNTAIN FIRE
No,HOKES CORNER
No,HOLT
No,HOME
No,HOME CREEK
No,HOME RUN
No,HOMESTEAD
No,HONEY
No,HONEYSUCKLE
No,HOOT OWL
No,HOPEWELL
No,HOSKINS
No,HUCKLEBERRY HILL
No,HUME
No,HUME LAKE
No,HUMMINGBIRD
No,HUNTINGTON LAKE
No,HUNTINGTON VISTA
No,HYDE
No,I-5 NB
No,I-5 SB
No,IDYLWILDE
No,IMPERIAL
No,INDIAN CAMP
No,INDIAN ROCK
No,INDIANA
No,INDUSTRIAL
No,INVERNESS
No,ISABELLA
No,ISLAND PARK
No,ISLAND VIEW
No,ITALIAN BAR
No,IVY
No,J
No,JACALITOS CREEK
No,JAMES
No,JEFFREY
No,JEFFREY PINE
No,JEWEL
No,JOAQUIN
No,JOAQUIN RIDGE LOOKOUT
No,JONES
No,JOSE BASIN
No,JOYCE
No,JUDD
No,JUNGLE TOWN
No,JUNIPER RIDGE
No,K
No,KAISER LOOP
No,KAISER PASS
No,KATY
No,KEELER
No,KENMORE
No,KERN
No,KEY
No,KILOWATT
No,KIMBERLY
No,KINGFISHER
No,KINGS CANYON N. FRONTAGE
No,KINGS CANYON NORTH FRONTA
No,KINGS CANYON SOUTH FRONTA
No,KNIGHTS
No,KNOB KNOL
No,KNOBHILL
No,KNOLLGLEN
No,KNOX
No,L
No,LA COSTA
No,LA MIRADA
No,LA VONA
No,LAGO BELLO
No,LAKE VAN NESS
No,LAKERIDGE
No,LAKESHORE
No,LAKESIDE
No,LANCEWOOD
No,LANDMARK
No,LANES
No,LARK
No,LARKSPUR
No,LASALLE
No,LAVENDER
No,LAWSON
No,LE CONTE PASS
No,LEAVITT
No,LEISURE
No,LELYER
No,LEM
No,LEOPARD LILLY
No,LERONA FIRE
No,LEVEE
No,LEW ANN
No,LIGGETT
No,LINDA
No,LINDSEY
No,LINSON
No,LIPE
No,LITTLE SANDY
No,LITTLE SHUTEYE
No,LITTLE THUMPER
No,LITTLE WILD HORSE
No,LITTLERIDGE
No,LOCKE
No,LOCKWOOD
No,LODGE
No,LODI
No,LOGAN BERRY
No,LOGO
No,LOLITA
No,LONG HORN
No,LONG MEADOW
No,LONGHORN
No,LONGVIEW
No,LOOKING GLASS
No,LOONEY
No,LOPER VALLEY
No,LOS ANGELES
No,LOS GATOS
No,LOST HILLS
No,LOST LAKE
No,LOWER
No,LOWER CRESSMAN
No,LOWER DEER CREEK
No,LOWER REDINGER
No,LOWER ROUTT MILL
No,LULLABY
No,LUPINE
No,LYLEWOOD
No,LYNN FORD
No,LYNX
No,MAGPIE
No,MAIN
No,MAJESTIC
No,MALLARD MEADOWS
No,MALLOW
No,MAMMOTH POWERHOUSE
No,MANDARIN
No,MANZANA
No,MANZANITA PARK
No,MARIETTA
No,MARIGOLD
No,MARINA
No,MARIPOSA LILY
No,MARJAN
No,MARLAR
No,MARMON
No,MARMOT
No,MARRONE
No,MARTIN
No,MARTINEZ
No,MARVIN RANCH
No,MARY REBECCA
No,MASON
No,MAXON
No,MAYFAIR
No,MAYWOOD
No,MCCAFFREY
No,MCCALL
No,MCCAMPBELL
No,MCKAMEY
No,MCKELVEY
No,MCKENZIE
No,MCKINLEY
No,MCKINLEY GROVE
No,MCMULLIN
No,MEADOW
No,MEADOWLARK
No,MEADOWOOD
No,MEADOWSIDE
No,MEADOWVIEW
No,MEDLEY RANCH
No,MEHLERT
No,MELRONA
No,MELROSE
No,MEMORY
No,MENDES
No,MENDOCINO BAY
No,MESA VIEW
No,MESQUITE
No,MIDWICK
No,MILKHOUSE
No,MILKWEED
No,MILL CREEK
No,MILL RUN
No,MILLERTON
No,MILLION DOLLAR
No,MIMOSA
No,MINARETS
No,MISSOURI
No,MISTLETOE
No,MITCHELL PEAK
No,MOFFATT
No,MOHAWK
No,MOIR
No,MONACO
No,MONTEGO
No,MONTEREY BAY
No,MONTEVERDES
No,MORAB
No,MORGAN CANYON
No,MORRO BAY
No,MOSSY ROCK
No,MOTOR NATURE
No,MOUND
No,MOUNT CAMPBELL
No,MOUNT WHITNEY
No,MOUNTAIN CEDAR
No,MOUNTAIN HAWK
No,MOUNTAIN HEATHER
No,MOUNTAIN ORCHARD
No,MOUNTAIN POPLAR
No,MOUNTAIN SPRUCE
No,MOUNTAINTOP RANCH
No,MULESHOE
No,MUSICK CREEK
No,MUSICK FALLS
No,MUSKRAT
No,N
No,NANCY
No,NATOMA
No,NEVADA
No,NEVER FORGET
No,NEVINS
No,NEWPORT BAY
No,NIAGRA RIDGE
No,NICHOLAS
No,NIKITA
No,NORRIS
No,NORTH FORK
No,NORTHBRIDGE
No,NORTHVIEW
No,O'BANION
No,OAK CREEK
No,OAK FLAT
No,OAK GLEN
No,OAK HILL
No,OAK KNOLL
No,OAK RIDGE
No,OAK SPRINGS
No,OAK TREE
No,OAK VIEW
No,OAKHURST
No,OAKLEAF
No,OAKWOODS
No,OCKENDEN VILLAGE
No,OIL CITY
No,OLD AUBERRY
No,OLD COLLEGE
No,OLD CREEK
No,OLD FRIANT
No,OLD KINGSTON
No,OLD MILL
No,OLD OAK
No,OLD RAILROAD
No,OLD RANCH PARK
No,OLD RIVER
No,OLD STAGE
No,OLD TANK
No,OLD TOLLHOUSE
No,OLLIE
No,OLSON
No,OPAL
No,OTTER
No,OUTCROP
No,OUTLOOK
No,OUZEL
No,OWL PERCH
No,PACKARD
No,PAINTED CUP
No,PALMINA
No,PANOCHE
No,PANOCHE ACCESS
No,PANORAMA
No,PARADISE VALLEY
No,PARK
No,PARKCLIFFE
No,PARKFIELD
No,PARKVIEW
No,PARKWAY
No,PARRISH
No,PARSONS
No,PARTRIDGE
No,PASA TIEMPO
No,PEACOCK
No,PEBBLE
No,PECAN
No,PECK
No,PEEWEE
No,PENDLETON
No,PENNYROYAL
No,PEPPERWEED
No,PEREGRINE
No,PEREIDA
No,PESCARA
No,PETERS RANCH
No,PETERSON
No,PHOENIX
No,PIMA
No,PINE FLAT
No,PINE NEEDLE
No,PINE TREE
No,PINE VALLEY
No,PINEBURY
No,PINECONE
No,PINECREST
No,PINEHURST
No,PINEWOOD
No,PINNACLE
No,PINTAIL
No,PITCHWOOD
No,PITTMAN HILL
No,PLYMOUTH
No,POINT
No,POLE LINE
No,POLSON
No,POND
No,PONDEROSA
No,POTTER CREEK
No,POWERHOUSE
No,PRICE
No,PRIMROSE
No,PRIVATE
No,PROGRESS
No,PROMONTORY
No,PROVIDENCE
No,PROVIDENCE CREEK
No,PROVINCE
No,PRUNE
No,PUMA
No,PUNJAB
No,QUAIL
No,QUAIL CREEK
No,QUAIL CROSSING
No,QUAIL HOLLOW
No,QUAIL LAKE
No,QUAIL MOUNTAIN
No,QUAIL OAK
No,QUAIL SPRINGS
No,QUAILS COVEY
No,QUALLS PRATHER
No,QUARTZ
No,QUEENS
No,QUINCY
No,RACER
No,RACO
No,RAFER JOHNSON
No,RAILROAD
No,RAINBOW
No,RAISIN
No,RALEIGH
No,RALPH
No,RANCH
No,RANCHO
No,RAVEN
No,RAVENSWOOD
No,REAGAN
No,REBEL
No,REBEL HILL
No,RECTOR
No,RED LEAF
No,RED ROCK
No,REDBERRY
No,REDBUD
No,REDDA
No,REDDIN
No,REDHAWK
No,REDWING
No,REDWOOD
No,RENO
No,REVERE
No,RHINESTONE
No,RICE
No,RIDGE
No,RIMROCK
No,RIPPLE
No,RIVER BOTTOM
No,RIVER ROCK
No,RIVERBELLE
No,RIVERS EDGE
No,RIVERSIDE
No,ROAD A
No,ROAD B
No,ROAD C
No,ROAD D
No,ROAD F
No,ROAD RUNNER
No,ROBIN
No,ROBINWOOD
No,ROCK HILL
No,ROCK SHELF
No,ROCK VIEW
No,ROCKHAVEN
No,ROCKING HEART
No,ROCKY SPRINGS
No,RODRIGUEZ
No,ROGERS
No,ROOT
No,ROSE OF SHARON
No,ROSEMARY
No,ROSS CROSSING
No,ROSS KOONTZ
No,ROUND MOUNTAIN
No,ROUNDTREE
No,ROY
No,RUSCELLO
No,RUSH CREEK
No,RUSTIC
No,RUSTY SPUR
No,RUTH HILL
No,RYE MEADOW
No,SAGE
No,SALES CREEK
No,SAN JOAQUIN ROCKS LOOKOUT
No,SAN LUIS
No,SAND CREEK
No,SANDHILL
No,SANDPIPER
No,SANDRIDGE
No,SANDY COVE
No,SANS BAKER
No,SASSAFRAS
No,SAWTOOTH PEAK
No,SCOUT
No,SELLAND
No,SEMINOLE
No,SEQUOIA
No,SERENA
No,SERRATO
No,SESAME
No,SHADY
No,SHADY COVE
No,SHADY OAK
No,SHADY POND
No,SHADY RIDGE
No,SHADYBROOK
No,SHARIN WOODS
No,SHAVER LAKE
No,SHAVER SPRINGS
No,SHELDON
No,SHELL
No,Shelly
No,SHOCKLEY
No,SHORELINE
No,SHOREWOOD
No,SIENA
No,SIERRA VIOLET
No,SILVER
No,SILVER OAK
No,SILVERTIP
No,SIMON
No,SINCLAIR
No,SIVERLY
No,SJ AND E
No,SKIVIEW
No,SKY LAKE
No,SKYLAN
No,SKYLINE
No,SKYRIDGE
No,SLICK ROCK
No,SMALLEY
No,SMILEY
No,SNOW
No,SNOWFLOWER
No,SNOWLINE LODGE
No,SOAPROOT SADDLE
No,SOLANO
No,SOLE
No,SOLITUDE
No,SOMMERVILLE
No,SPANISH OAK
No,SPARROW
No,SPEARHEAD
No,SPEARMINT
No,SPENCE
No,SPLIT ROCK
No,SPREADING OAK
No,SPRING
No,SPRING CREEK
No,SPRING FLOWER
No,SPRING VALLEY
No,SPY GLASS
No,SQUAW LEAP
No,SQUAW VALLEY
No,SR 41
No,SR-145
No,SR-168
No,SR-168 EB
No,SR-168 WB
No,SR-180 EB
No,SR-180 WB
No,SR-41
No,SR-41 NB
No,SR-41 SB
No,SR-99
No,SR-99 NB
No,SR-99 SB
No,ST CATHERINE
No,STAFF
No,STAGECOACH
No,STANDARD
No,STANLEY
No,STANLEY OAK
No,STANTON
No,STARGAZER
No,STARLING
No,STATE
No,STELLAR
No,STELLAR JAY
No,STERLING
No,STETSON
No,STILLMAN
No,STILLWATER
No,STONEY CREEK
No,STONEY HILL
No,STONY OAKS
No,STOREY
No,STUMP SPRINGS
No,STUTZ
No,SUGAR LOAF
No,SULMONA
No,SUMAC
No,SUMMIT CREEK
No,SUMMIT CREST
No,SUMMIT MOUNTAIN
No,SUNCREST
No,SUNDEW
No,SUNFLOWER
No,SUNNY
No,SUNNY SLOPE
No,SUNNY VISTA
No,SUNNYHILL
No,SUNSET
No,SUNSET ROCK
No,SUNSET VISTA
No,SWALLOW
No,SWEET
No,SWEETBRIAR
No,SWEETGRASS
No,SWEETWATER
No,SWIMMING HOLE
No,SYCAMORE SPRINGS
No,TAM O SHANTER
No,TAMERA
No,TANAGER
No,TARPEY
No,TASSEL
No,TEA PARTY
No,TEN MILE
No,TERESA SPRINGS
No,THE VILLAGE
No,THERESE
No,THIMBLEBERRY
No,THISTLE
No,THUMPER
No,THUNDERBIRD
No,THUNDERHILL
No,TICONDEROGA
No,TILLER
No,TIMBER RIDGE
No,TIMBER VIEW
No,TIVY VALLEY
No,TOCALOMA
No,TODD EYMANN
No,TOPAZ
No,TORNADO
No,TOSA
No,TOTEM
No,TOURMALINE
No,TOWERLINE
No,TOYOTA
No,TRAMONTO
No,TREASURE
No,TRESTLE GLEN
No,TROUT LAKE
No,TROUTDALE
No,TUMBLEWEED
No,TURKEY TRACK
No,TWELFTH
No,TWENTY FIFTH
No,TWIN PONDS
No,UMPQUA
No,UPPER BEAR CREEK
No,UPPER BRIDGE
No,UPPER CRESSMAN
No,UPPER LINE
No,UPPER ROUTT MILL
No,USRY
No,UTAH
No,VALLEY OAK
No,VALLEY VIEW
No,VALLEY VISTA
No,VANDENBURG
No,VANDERBURGH
No,VENTANA ESTATES
No,VENTANA HILLS
No,VIA BELLA VITA
No,VIA BELLAGGIO
No,VIA DEL SOL
No,VIA FLORENCE
No,VIA IL PRATO
No,VIA LE FONTANE
No,VIA MILANO
No,VIA MIRA BELLA
No,VIA MIRABEL
No,VIA MONTE BELLA
No,VIA MONTE VERDI
No,VIA MONTIANO
No,VIA PALLAZO
No,VIA PIEMONTE
No,VIA TESORO
No,VIA TUSCANIA
No,VIA VILLA ROSA
No,VIEW POINT
No,VILLAGE PASS
No,VINCENT FIRE
No,VINEYARD
No,VIOLET
No,VIRGINIA
No,VISTA DEL VALLE
No,VISTA SIERRA
No,VOGEL
No,VOLVO
No,WAGNER
No,WAHOO
No,WALKER
No,WARNER
No,WARREN
No,WARTHAM CANYON
No,WATERCRESS
No,WATERFALL
No,WATERLEAF
No,WATERSIDE
No,WATTS VALLEY
No,WAUWA
No,WAXBERRY
No,WEEHOUSE
No,WELDON CORRAL
No,WELTY
No,WESTLAWN
No,WESTMERE
No,WHISPERING OAK
No,WHISPERING PINES
No,WHISPERING SPRINGS
No,WHISPERING WILLOW
No,WHITE DEER
No,WHITE THORNE
No,WHITES BRIDGE
No,WILD IRIS
No,WILD ROSE
No,WILDERNESS
No,WILDFLOWER
No,WILDHOG CUP
No,WILDMINT
No,WILLIAMSBURG
No,WILLOW BLUFF
No,WILLOW GLEN
No,WILLOW RIDGE
No,WILLOW SPRINGS
No,WILLOW VIEW
No,WILLOWOOD
No,WINCHELL COVE
No,WINDCHIME
No,WINDWARD
No,WINDWOOD
No,WINESAP
No,WINTERMUTE
No,WIREGRASS
No,WISH-I-AH
No,WISTERIA
No,WITNESS TREE
No,WOLVERINE
No,WOOD DUCK
No,WOODBRIDGE
No,WOODLAND
No,WOODRIDGE
No,WOODY
No,WRIGHT
No,YELLOW HAMMER
No,YELLOW LUPIN
No,ZELKOVIA
No,ZINNIA
No,ZOZAYA
